<?xml version="1.0" encoding="UTF-8"?>
<osm generator="VMB">
  <MetaInfo format_version="1" map_version="2" validation_version=""/>
  <node id="53" lat="40.64479168714" lon="28.18278553879">
    <tag k="local_x" v="7.2765"/>
    <tag k="local_y" v="-0.7862"/>
    <tag k="ele" v="-1.8128"/>
  </node>
  <node id="54" lat="40.64479549934" lon="28.18285710284">
    <tag k="local_x" v="13.3218"/>
    <tag k="local_y" v="-0.2816"/>
    <tag k="ele" v="-2.0541"/>
  </node>
  <node id="56" lat="40.64480969730" lon="28.18278597266">
    <tag k="local_x" v="7.2863"/>
    <tag k="local_y" v="1.2136"/>
    <tag k="ele" v="-1.8128"/>
  </node>
  <node id="57" lat="40.64481357119" lon="28.18285753604">
    <tag k="local_x" v="13.3315"/>
    <tag k="local_y" v="1.7250"/>
    <tag k="ele" v="-2.0541"/>
  </node>
  <node id="60" lat="40.64480014801" lon="28.18289903511">
    <tag k="local_x" v="16.8604"/>
    <tag k="local_y" v="0.2821"/>
    <tag k="ele" v="-2.2297"/>
  </node>
  <node id="61" lat="40.64481817651" lon="28.18289843332">
    <tag k="local_x" v="16.7826"/>
    <tag k="local_y" v="2.2827"/>
    <tag k="ele" v="-2.2297"/>
  </node>
  <node id="62" lat="40.64480399364" lon="28.18293126339">
    <tag k="local_x" v="19.5797"/>
    <tag k="local_y" v="0.7456"/>
    <tag k="ele" v="-2.4077"/>
  </node>
  <node id="63" lat="40.64482163169" lon="28.18292701182">
    <tag k="local_x" v="19.1939"/>
    <tag k="local_y" v="2.6987"/>
    <tag k="ele" v="-2.4077"/>
  </node>
  <node id="64" lat="40.64480806367" lon="28.18294182702">
    <tag k="local_x" v="20.4668"/>
    <tag k="local_y" v="1.2095"/>
    <tag k="ele" v="-2.4508"/>
  </node>
  <node id="65" lat="40.64482289488" lon="28.18292882645">
    <tag k="local_x" v="19.3455"/>
    <tag k="local_y" v="2.8410"/>
    <tag k="ele" v="-2.4508"/>
  </node>
  <node id="66" lat="40.64481864925" lon="28.18295220637">
    <tag k="local_x" v="21.3287"/>
    <tag k="local_y" v="2.3963"/>
    <tag k="ele" v="-2.5003"/>
  </node>
  <node id="67" lat="40.64482868622" lon="28.18293257633">
    <tag k="local_x" v="19.6539"/>
    <tag k="local_y" v="3.4882"/>
    <tag k="ele" v="-2.5003"/>
  </node>
  <node id="68" lat="40.64485989349" lon="28.18295748031">
    <tag k="local_x" v="21.7130"/>
    <tag k="local_y" v="6.9807"/>
    <tag k="ele" v="-2.6186"/>
  </node>
  <node id="69" lat="40.64486188624" lon="28.18293395749">
    <tag k="local_x" v="19.7211"/>
    <tag k="local_y" v="7.1752"/>
    <tag k="ele" v="-2.6186"/>
  </node>
  <node id="70" lat="40.64490161409" lon="28.18295476008">
    <tag k="local_x" v="21.4207"/>
    <tag k="local_y" v="11.6089"/>
    <tag k="ele" v="-2.8231"/>
  </node>
  <node id="71" lat="40.64490079681" lon="28.18293113747">
    <tag k="local_x" v="19.4246"/>
    <tag k="local_y" v="11.4913"/>
    <tag k="ele" v="-2.8231"/>
  </node>
  <node id="74" lat="40.64494882991" lon="28.18295422715">
    <tag k="local_x" v="21.3052"/>
    <tag k="local_y" v="16.8495"/>
    <tag k="ele" v="-2.9574"/>
  </node>
  <node id="75" lat="40.64494883348" lon="28.18293057372">
    <tag k="local_x" v="19.3052"/>
    <tag k="local_y" v="16.8230"/>
    <tag k="ele" v="-2.9574"/>
  </node>
  <node id="76" lat="40.64502660264" lon="28.18295111603">
    <tag k="local_x" v="20.9260"/>
    <tag k="local_y" v="25.4792"/>
    <tag k="ele" v="-3.0647"/>
  </node>
  <node id="77" lat="40.64502628550" lon="28.18292746930">
    <tag k="local_x" v="18.9270"/>
    <tag k="local_y" v="25.4171"/>
    <tag k="ele" v="-3.0647"/>
  </node>
  <node id="78" lat="40.64509584236" lon="28.18294867029">
    <tag k="local_x" v="20.6158"/>
    <tag k="local_y" v="33.1625"/>
    <tag k="ele" v="-3.1643"/>
  </node>
  <node id="79" lat="40.64509558914" lon="28.18292501780">
    <tag k="local_x" v="18.6163"/>
    <tag k="local_y" v="33.1075"/>
    <tag k="ele" v="-3.1643"/>
  </node>
  <node id="80" lat="40.64520826367" lon="28.18294315025">
    <tag k="local_x" v="19.9812"/>
    <tag k="local_y" v="45.6357"/>
    <tag k="ele" v="-3.2877"/>
  </node>
  <node id="81" lat="40.64520767077" lon="28.18291951096">
    <tag k="local_x" v="17.9833"/>
    <tag k="local_y" v="45.5430"/>
    <tag k="ele" v="-3.2877"/>
  </node>
  <node id="84" lat="40.64533880056" lon="28.18293684345">
    <tag k="local_x" v="19.2531"/>
    <tag k="local_y" v="60.1189"/>
    <tag k="ele" v="-3.3837"/>
  </node>
  <node id="85" lat="40.64533817428" lon="28.18291320568">
    <tag k="local_x" v="17.2553"/>
    <tag k="local_y" v="60.0225"/>
    <tag k="ele" v="-3.3837"/>
  </node>
  <node id="86" lat="40.64541315692" lon="28.18293778926">
    <tag k="local_x" v="19.2220"/>
    <tag k="local_y" v="68.3740"/>
    <tag k="ele" v="-3.4286"/>
  </node>
  <node id="87" lat="40.64541306592" lon="28.18291413525">
    <tag k="local_x" v="17.2221"/>
    <tag k="local_y" v="68.3370"/>
    <tag k="ele" v="-3.4286"/>
  </node>
  <node id="88" lat="40.64549639631" lon="28.18293943479">
    <tag k="local_x" v="19.2368"/>
    <tag k="local_y" v="77.6160"/>
    <tag k="ele" v="-3.3898"/>
  </node>
  <node id="89" lat="40.64549648007" lon="28.18291578272">
    <tag k="local_x" v="17.2369"/>
    <tag k="local_y" v="77.5984"/>
    <tag k="ele" v="-3.3898"/>
  </node>
  <node id="90" lat="40.64558218433" lon="28.18293583451">
    <tag k="local_x" v="18.8043"/>
    <tag k="local_y" v="87.1349"/>
    <tag k="ele" v="-3.3167"/>
  </node>
  <node id="91" lat="40.64558215874" lon="28.18291216354">
    <tag k="local_x" v="16.8029"/>
    <tag k="local_y" v="87.1052"/>
    <tag k="ele" v="-3.3167"/>
  </node>
  <node id="94" lat="40.64566879353" lon="28.18292689630">
    <tag k="local_x" v="17.9193"/>
    <tag k="local_y" v="96.7389"/>
    <tag k="ele" v="-3.2046"/>
  </node>
  <node id="95" lat="40.64566791793" lon="28.18290328670">
    <tag k="local_x" v="15.9243"/>
    <tag k="local_y" v="96.6149"/>
    <tag k="ele" v="-3.2046"/>
  </node>
  <node id="96" lat="40.64571977495" lon="28.18292314569">
    <tag k="local_x" v="17.5260"/>
    <tag k="local_y" v="102.3939"/>
    <tag k="ele" v="-3.0914"/>
  </node>
  <node id="97" lat="40.64571939826" lon="28.18289949580">
    <tag k="local_x" v="15.5269"/>
    <tag k="local_y" v="102.3252"/>
    <tag k="ele" v="-3.0914"/>
  </node>
  <node id="98" lat="40.64582188247" lon="28.18291420646">
    <tag k="local_x" v="16.6177"/>
    <tag k="local_y" v="113.7183"/>
    <tag k="ele" v="-2.9123"/>
  </node>
  <node id="99" lat="40.64582121568" lon="28.18289057252">
    <tag k="local_x" v="14.6204"/>
    <tag k="local_y" v="113.6174"/>
    <tag k="ele" v="-2.9123"/>
  </node>
  <node id="100" lat="40.64589721536" lon="28.18290924775">
    <tag k="local_x" v="16.0860"/>
    <tag k="local_y" v="122.0751"/>
    <tag k="ele" v="-2.7757"/>
  </node>
  <node id="101" lat="40.64589662853" lon="28.18288560186">
    <tag k="local_x" v="14.0875"/>
    <tag k="local_y" v="121.9831"/>
    <tag k="ele" v="-2.7757"/>
  </node>
  <node id="104" lat="40.64598163404" lon="28.18289955698">
    <tag k="local_x" v="15.1406"/>
    <tag k="local_y" v="131.4351"/>
    <tag k="ele" v="-2.6622"/>
  </node>
  <node id="105" lat="40.64598053939" lon="28.18287593911">
    <tag k="local_x" v="13.1453"/>
    <tag k="local_y" v="131.2867"/>
    <tag k="ele" v="-2.6622"/>
  </node>
  <node id="113" lat="40.64598876649" lon="28.18289840780">
    <tag k="local_x" v="15.0328"/>
    <tag k="local_y" v="132.2256"/>
    <tag k="ele" v="-2.6304"/>
  </node>
  <node id="114" lat="40.64603097937" lon="28.18289832379">
    <tag k="local_x" v="14.9626"/>
    <tag k="local_y" v="136.9114"/>
    <tag k="ele" v="-2.5611"/>
  </node>
  <node id="116" lat="40.64599210607" lon="28.18287459665">
    <tag k="local_x" v="13.0145"/>
    <tag k="local_y" v="132.5692"/>
    <tag k="ele" v="-2.6304"/>
  </node>
  <node id="117" lat="40.64603135943" lon="28.18287467075">
    <tag k="local_x" v="12.9621"/>
    <tag k="local_y" v="136.9266"/>
    <tag k="ele" v="-2.5611"/>
  </node>
  <node id="120" lat="40.64605441676" lon="28.18289760349">
    <tag k="local_x" v="14.8667"/>
    <tag k="local_y" v="139.5122"/>
    <tag k="ele" v="-2.5269"/>
  </node>
  <node id="121" lat="40.64605391093" lon="28.18287397578">
    <tag k="local_x" v="12.8697"/>
    <tag k="local_y" v="139.4292"/>
    <tag k="ele" v="-2.5269"/>
  </node>
  <node id="122" lat="40.64608528251" lon="28.18289646455">
    <tag k="local_x" v="14.7243"/>
    <tag k="local_y" v="142.9372"/>
    <tag k="ele" v="-2.4678"/>
  </node>
  <node id="123" lat="40.64608419037" lon="28.18287285962">
    <tag k="local_x" v="12.7301"/>
    <tag k="local_y" v="142.7892"/>
    <tag k="ele" v="-2.4678"/>
  </node>
  <node id="124" lat="40.64613680290" lon="28.18289699647">
    <tag k="local_x" v="14.6924"/>
    <tag k="local_y" v="148.6569"/>
    <tag k="ele" v="-2.3907"/>
  </node>
  <node id="125" lat="40.64613555540" lon="28.18287345070">
    <tag k="local_x" v="12.7034"/>
    <tag k="local_y" v="148.4917"/>
    <tag k="ele" v="-2.3907"/>
  </node>
  <node id="126" lat="40.64619465493" lon="28.18289777911">
    <tag k="local_x" v="14.6722"/>
    <tag k="local_y" v="155.0797"/>
    <tag k="ele" v="-2.3008"/>
  </node>
  <node id="127" lat="40.64619272267" lon="28.18287425976">
    <tag k="local_x" v="12.6865"/>
    <tag k="local_y" v="154.8385"/>
    <tag k="ele" v="-2.3008"/>
  </node>
  <node id="128" lat="40.64599431167" lon="28.18289686647">
    <tag k="local_x" v="14.8942"/>
    <tag k="local_y" v="132.8394"/>
    <tag k="ele" v="-2.6304"/>
  </node>
  <node id="129" lat="40.64601580832" lon="28.18287916709">
    <tag k="local_x" v="13.3655"/>
    <tag k="local_y" v="135.2055"/>
    <tag k="ele" v="-2.5641"/>
  </node>
  <node id="131" lat="40.64598237562" lon="28.18287705192">
    <tag k="local_x" v="13.2366"/>
    <tag k="local_y" v="131.4918"/>
    <tag k="ele" v="-2.6304"/>
  </node>
  <node id="132" lat="40.64600648920" lon="28.18285920531">
    <tag k="local_x" v="11.6916"/>
    <tag k="local_y" v="134.1483"/>
    <tag k="ele" v="-2.5641"/>
  </node>
  <node id="135" lat="40.64603406822" lon="28.18285967162">
    <tag k="local_x" v="11.6899"/>
    <tag k="local_y" v="137.2103"/>
    <tag k="ele" v="-2.5411"/>
  </node>
  <node id="136" lat="40.64602379283" lon="28.18284114131">
    <tag k="local_x" v="10.1384"/>
    <tag k="local_y" v="136.0486"/>
    <tag k="ele" v="-2.5411"/>
  </node>
  <node id="137" lat="40.64604737104" lon="28.18285617063">
    <tag k="local_x" v="11.3740"/>
    <tag k="local_y" v="138.6830"/>
    <tag k="ele" v="-2.5134"/>
  </node>
  <node id="138" lat="40.64604297341" lon="28.18283321225">
    <tag k="local_x" v="9.4394"/>
    <tag k="local_y" v="138.1687"/>
    <tag k="ele" v="-2.5134"/>
  </node>
  <node id="139" lat="40.64607092127" lon="28.18285650947">
    <tag k="local_x" v="11.3675"/>
    <tag k="local_y" v="141.2976"/>
    <tag k="ele" v="-2.4624"/>
  </node>
  <node id="140" lat="40.64607050940" lon="28.18283290198">
    <tag k="local_x" v="9.3720"/>
    <tag k="local_y" v="141.2250"/>
    <tag k="ele" v="-2.4624"/>
  </node>
  <node id="141" lat="40.64610088051" lon="28.18285934192">
    <tag k="local_x" v="11.5622"/>
    <tag k="local_y" v="144.6265"/>
    <tag k="ele" v="-2.3799"/>
  </node>
  <node id="142" lat="40.64610122688" lon="28.18283582227">
    <tag k="local_x" v="9.5731"/>
    <tag k="local_y" v="144.6382"/>
    <tag k="ele" v="-2.3799"/>
  </node>
  <node id="143" lat="40.64612913410" lon="28.18286356476">
    <tag k="local_x" v="11.8771"/>
    <tag k="local_y" v="147.7676"/>
    <tag k="ele" v="-2.4306"/>
  </node>
  <node id="144" lat="40.64612971831" lon="28.18284015662">
    <tag k="local_x" v="9.8970"/>
    <tag k="local_y" v="147.8058"/>
    <tag k="ele" v="-2.4306"/>
  </node>
  <node id="145" lat="40.64615958111" lon="28.18287421488">
    <tag k="local_x" v="12.7321"/>
    <tag k="local_y" v="151.1595"/>
    <tag k="ele" v="-2.3308"/>
  </node>
  <node id="146" lat="40.64616232602" lon="28.18285155149">
    <tag k="local_x" v="10.8118"/>
    <tag k="local_y" v="151.4384"/>
    <tag k="ele" v="-2.3308"/>
  </node>
  <node id="147" lat="40.64618301031" lon="28.18288489746">
    <tag k="local_x" v="13.6004"/>
    <tag k="local_y" v="153.7725"/>
    <tag k="ele" v="-2.2981"/>
  </node>
  <node id="148" lat="40.64618718910" lon="28.18286283018">
    <tag k="local_x" v="11.7283"/>
    <tag k="local_y" v="154.2112"/>
    <tag k="ele" v="-2.2981"/>
  </node>
  <node id="149" lat="40.64619430612" lon="28.18289340856">
    <tag k="local_x" v="14.3032"/>
    <tag k="local_y" v="155.0360"/>
    <tag k="ele" v="-2.3027"/>
  </node>
  <node id="150" lat="40.64620201381" lon="28.18287325426">
    <tag k="local_x" v="12.5876"/>
    <tag k="local_y" v="155.8687"/>
    <tag k="ele" v="-2.3027"/>
  </node>
  <node id="151" lat="40.64621123430" lon="28.18289816549">
    <tag k="local_x" v="14.6801"/>
    <tag k="local_y" v="156.9206"/>
    <tag k="ele" v="-2.2845"/>
  </node>
  <node id="152" lat="40.64621238025" lon="28.18287500798">
    <tag k="local_x" v="12.7204"/>
    <tag k="local_y" v="157.0214"/>
    <tag k="ele" v="-2.2845"/>
  </node>
  <node id="153" lat="40.64621801319" lon="28.18289874747">
    <tag k="local_x" v="14.7192"/>
    <tag k="local_y" v="157.6737"/>
    <tag k="ele" v="3.2353"/>
  </node>
  <node id="154" lat="40.64629222297" lon="28.18290448949">
    <tag k="local_x" v="15.0939"/>
    <tag k="local_y" v="165.9180"/>
    <tag k="ele" v="-2.2463"/>
  </node>
  <node id="156" lat="40.64621742236" lon="28.18287518936">
    <tag k="local_x" v="12.7282"/>
    <tag k="local_y" v="157.5814"/>
    <tag k="ele" v="3.2353"/>
  </node>
  <node id="157" lat="40.64629162647" lon="28.18288085190">
    <tag k="local_x" v="13.0962"/>
    <tag k="local_y" v="165.8249"/>
    <tag k="ele" v="-2.2463"/>
  </node>
  <node id="160" lat="40.64634236385" lon="28.18290386989">
    <tag k="local_x" v="14.9666"/>
    <tag k="local_y" v="171.4832"/>
    <tag k="ele" v="-2.2007"/>
  </node>
  <node id="161" lat="40.64634170173" lon="28.18288024770">
    <tag k="local_x" v="12.9703"/>
    <tag k="local_y" v="171.3829"/>
    <tag k="ele" v="-2.2007"/>
  </node>
  <node id="162" lat="40.64638371428" lon="28.18290982648">
    <tag k="local_x" v="15.4085"/>
    <tag k="local_y" v="176.0802"/>
    <tag k="ele" v="-2.0931"/>
  </node>
  <node id="163" lat="40.64638525372" lon="28.18288623721">
    <tag k="local_x" v="13.4117"/>
    <tag k="local_y" v="176.2242"/>
    <tag k="ele" v="-2.0931"/>
  </node>
  <node id="164" lat="40.64641399156" lon="28.18291883339">
    <tag k="local_x" v="16.1249"/>
    <tag k="local_y" v="179.4514"/>
    <tag k="ele" v="-2.2785"/>
  </node>
  <node id="165" lat="40.64641841594" lon="28.18289587144">
    <tag k="local_x" v="14.1768"/>
    <tag k="local_y" v="179.9164"/>
    <tag k="ele" v="-2.2785"/>
  </node>
  <node id="166" lat="40.64647068248" lon="28.18292518348">
    <tag k="local_x" v="16.5772"/>
    <tag k="local_y" v="185.7517"/>
    <tag k="ele" v="-2.2522"/>
  </node>
  <node id="167" lat="40.64647265104" lon="28.18290167456">
    <tag k="local_x" v="14.5865"/>
    <tag k="local_y" v="185.9435"/>
    <tag k="ele" v="-2.2522"/>
  </node>
  <node id="168" lat="40.64653462888" lon="28.18293575071">
    <tag k="local_x" v="17.3752"/>
    <tag k="local_y" v="192.8621"/>
    <tag k="ele" v="-2.319"/>
  </node>
  <node id="169" lat="40.64653619719" lon="28.18291220828">
    <tag k="local_x" v="15.3823"/>
    <tag k="local_y" v="193.0095"/>
    <tag k="ele" v="-2.319"/>
  </node>
  <node id="170" lat="40.64658752983" lon="28.18293702952">
    <tag k="local_x" v="17.4043"/>
    <tag k="local_y" v="198.7359"/>
    <tag k="ele" v="-2.3949"/>
  </node>
  <node id="171" lat="40.64658784779" lon="28.18291338124">
    <tag k="local_x" v="15.4043"/>
    <tag k="local_y" v="198.7443"/>
    <tag k="ele" v="-2.3949"/>
  </node>
  <node id="172" lat="40.64664537825" lon="28.18293495246">
    <tag k="local_x" v="17.1423"/>
    <tag k="local_y" v="205.1551"/>
    <tag k="ele" v="-2.4239"/>
  </node>
  <node id="173" lat="40.64664476821" lon="28.18291131360">
    <tag k="local_x" v="15.1445"/>
    <tag k="local_y" v="205.0605"/>
    <tag k="ele" v="-2.4239"/>
  </node>
  <node id="174" lat="40.64669561940" lon="28.18293408962">
    <tag k="local_x" v="16.9943"/>
    <tag k="local_y" v="210.7312"/>
    <tag k="ele" v="-2.4175"/>
  </node>
  <node id="175" lat="40.64669369204" lon="28.18291067419">
    <tag k="local_x" v="15.0174"/>
    <tag k="local_y" v="210.4906"/>
    <tag k="ele" v="-2.4175"/>
  </node>
  <node id="176" lat="40.64480069192" lon="28.18278575572">
    <tag k="local_x" v="7.2814"/>
    <tag k="local_y" v="0.2137"/>
    <tag k="ele" v="-1.8128"/>
  </node>
  <node id="177" lat="40.64480088942" lon="28.18279149917">
    <tag k="local_x" v="7.7667"/>
    <tag k="local_y" v="0.2421"/>
    <tag k="ele" v="-1.8321"/>
  </node>
  <node id="178" lat="40.64480109775" lon="28.18279724901">
    <tag k="local_x" v="8.2526"/>
    <tag k="local_y" v="0.2718"/>
    <tag k="ele" v="-1.8515"/>
  </node>
  <node id="179" lat="40.64480130615" lon="28.18280299408">
    <tag k="local_x" v="8.7380"/>
    <tag k="local_y" v="0.3014"/>
    <tag k="ele" v="-1.8708"/>
  </node>
  <node id="180" lat="40.64480151550" lon="28.18280874052">
    <tag k="local_x" v="9.2236"/>
    <tag k="local_y" v="0.3312"/>
    <tag k="ele" v="-1.8901"/>
  </node>
  <node id="181" lat="40.64480181476" lon="28.18281448761">
    <tag k="local_x" v="9.7091"/>
    <tag k="local_y" v="0.3710"/>
    <tag k="ele" v="-1.9095"/>
  </node>
  <node id="182" lat="40.64480212656" lon="28.18282023518">
    <tag k="local_x" v="10.1946"/>
    <tag k="local_y" v="0.4121"/>
    <tag k="ele" v="-1.9289"/>
  </node>
  <node id="183" lat="40.64480243837" lon="28.18282598275">
    <tag k="local_x" v="10.6801"/>
    <tag k="local_y" v="0.4533"/>
    <tag k="ele" v="-1.9483"/>
  </node>
  <node id="184" lat="40.64480275023" lon="28.18283173151">
    <tag k="local_x" v="11.1657"/>
    <tag k="local_y" v="0.4944"/>
    <tag k="ele" v="-1.9676"/>
  </node>
  <node id="185" lat="40.64480312912" lon="28.18283748069">
    <tag k="local_x" v="11.6513"/>
    <tag k="local_y" v="0.5430"/>
    <tag k="ele" v="-1.9869"/>
  </node>
  <node id="186" lat="40.64480353035" lon="28.18284322989">
    <tag k="local_x" v="12.1368"/>
    <tag k="local_y" v="0.5941"/>
    <tag k="ele" v="-2.0063"/>
  </node>
  <node id="187" lat="40.64480391347" lon="28.18284899320">
    <tag k="local_x" v="12.6235"/>
    <tag k="local_y" v="0.6432"/>
    <tag k="ele" v="-2.0252"/>
  </node>
  <node id="188" lat="40.64480432035" lon="28.18285472540">
    <tag k="local_x" v="13.1076"/>
    <tag k="local_y" v="0.6949"/>
    <tag k="ele" v="-2.0447"/>
  </node>
  <node id="189" lat="40.64480487281" lon="28.18286035769">
    <tag k="local_x" v="13.5830"/>
    <tag k="local_y" v="0.7626"/>
    <tag k="ele" v="-2.0671"/>
  </node>
  <node id="190" lat="40.64480550594" lon="28.18286601301">
    <tag k="local_x" v="14.0603"/>
    <tag k="local_y" v="0.8393"/>
    <tag k="ele" v="-2.0911"/>
  </node>
  <node id="191" lat="40.64480614057" lon="28.18287172941">
    <tag k="local_x" v="14.5427"/>
    <tag k="local_y" v="0.9163"/>
    <tag k="ele" v="-2.1151"/>
  </node>
  <node id="192" lat="40.64480678577" lon="28.18287743104">
    <tag k="local_x" v="15.0238"/>
    <tag k="local_y" v="0.9944"/>
    <tag k="ele" v="-2.1393"/>
  </node>
  <node id="193" lat="40.64480741915" lon="28.18288316163">
    <tag k="local_x" v="15.5074"/>
    <tag k="local_y" v="1.0712"/>
    <tag k="ele" v="-2.1633"/>
  </node>
  <node id="194" lat="40.64480805084" lon="28.18288887542">
    <tag k="local_x" v="15.9896"/>
    <tag k="local_y" v="1.1478"/>
    <tag k="ele" v="-2.1875"/>
  </node>
  <node id="195" lat="40.64480869806" lon="28.18289455968">
    <tag k="local_x" v="16.4692"/>
    <tag k="local_y" v="1.2261"/>
    <tag k="ele" v="-2.2124"/>
  </node>
  <node id="196" lat="40.64480936727" lon="28.18290022481">
    <tag k="local_x" v="16.9472"/>
    <tag k="local_y" v="1.3068"/>
    <tag k="ele" v="-2.2382"/>
  </node>
  <node id="197" lat="40.64481007138" lon="28.18290578201">
    <tag k="local_x" v="17.4161"/>
    <tag k="local_y" v="1.3913"/>
    <tag k="ele" v="-2.2669"/>
  </node>
  <node id="198" lat="40.64481077716" lon="28.18291137356">
    <tag k="local_x" v="17.8878"/>
    <tag k="local_y" v="1.4760"/>
    <tag k="ele" v="-2.2975"/>
  </node>
  <node id="199" lat="40.64481143619" lon="28.18291721454">
    <tag k="local_x" v="18.3807"/>
    <tag k="local_y" v="1.5558"/>
    <tag k="ele" v="-2.3278"/>
  </node>
  <node id="200" lat="40.64481211104" lon="28.18292284206">
    <tag k="local_x" v="18.8555"/>
    <tag k="local_y" v="1.6371"/>
    <tag k="ele" v="-2.3579"/>
  </node>
  <node id="201" lat="40.64481298070" lon="28.18292776186">
    <tag k="local_x" v="19.2702"/>
    <tag k="local_y" v="1.7393"/>
    <tag k="ele" v="-2.3864"/>
  </node>
  <node id="202" lat="40.64481404794" lon="28.18293237605">
    <tag k="local_x" v="19.6588"/>
    <tag k="local_y" v="1.8630"/>
    <tag k="ele" v="-2.4135"/>
  </node>
  <node id="203" lat="40.64481548245" lon="28.18293461401">
    <tag k="local_x" v="19.8459"/>
    <tag k="local_y" v="2.0248"/>
    <tag k="ele" v="-2.4366"/>
  </node>
  <node id="204" lat="40.64481732432" lon="28.18293666098">
    <tag k="local_x" v="20.0162"/>
    <tag k="local_y" v="2.2316"/>
    <tag k="ele" v="-2.4561"/>
  </node>
  <node id="205" lat="40.64481912948" lon="28.18293758325">
    <tag k="local_x" v="20.0915"/>
    <tag k="local_y" v="2.4330"/>
    <tag k="ele" v="-2.4734"/>
  </node>
  <node id="206" lat="40.64482142169" lon="28.18293861418">
    <tag k="local_x" v="20.1753"/>
    <tag k="local_y" v="2.6886"/>
    <tag k="ele" v="-2.4887"/>
  </node>
  <node id="207" lat="40.64482498351" lon="28.18294057971">
    <tag k="local_x" v="20.3361"/>
    <tag k="local_y" v="3.0863"/>
    <tag k="ele" v="-2.5029"/>
  </node>
  <node id="208" lat="40.64482817604" lon="28.18294181334">
    <tag k="local_x" v="20.4357"/>
    <tag k="local_y" v="3.4421"/>
    <tag k="ele" v="-2.5161"/>
  </node>
  <node id="209" lat="40.64483069431" lon="28.18294196271">
    <tag k="local_x" v="20.4445"/>
    <tag k="local_y" v="3.7218"/>
    <tag k="ele" v="-2.5293"/>
  </node>
  <node id="210" lat="40.64483392674" lon="28.18294214783">
    <tag k="local_x" v="20.4554"/>
    <tag k="local_y" v="4.0808"/>
    <tag k="ele" v="-2.5419"/>
  </node>
  <node id="211" lat="40.64483844927" lon="28.18294266174">
    <tag k="local_x" v="20.4921"/>
    <tag k="local_y" v="4.5834"/>
    <tag k="ele" v="-2.5545"/>
  </node>
  <node id="212" lat="40.64484270607" lon="28.18294308441">
    <tag k="local_x" v="20.5215"/>
    <tag k="local_y" v="5.0564"/>
    <tag k="ele" v="-2.5671"/>
  </node>
  <node id="213" lat="40.64484706911" lon="28.18294352288">
    <tag k="local_x" v="20.5520"/>
    <tag k="local_y" v="5.5413"/>
    <tag k="ele" v="-2.58"/>
  </node>
  <node id="214" lat="40.64485132172" lon="28.18294397682">
    <tag k="local_x" v="20.5840"/>
    <tag k="local_y" v="6.0138"/>
    <tag k="ele" v="-2.5936"/>
  </node>
  <node id="215" lat="40.64485527268" lon="28.18294421401">
    <tag k="local_x" v="20.5982"/>
    <tag k="local_y" v="6.4527"/>
    <tag k="ele" v="-2.6095"/>
  </node>
  <node id="216" lat="40.64485938522" lon="28.18294435469">
    <tag k="local_x" v="20.6040"/>
    <tag k="local_y" v="6.9094"/>
    <tag k="ele" v="-2.6268"/>
  </node>
  <node id="217" lat="40.64486390623" lon="28.18294459253">
    <tag k="local_x" v="20.6173"/>
    <tag k="local_y" v="7.4115"/>
    <tag k="ele" v="-2.6433"/>
  </node>
  <node id="218" lat="40.64486821502" lon="28.18294482265">
    <tag k="local_x" v="20.6303"/>
    <tag k="local_y" v="7.8901"/>
    <tag k="ele" v="-2.6601"/>
  </node>
  <node id="219" lat="40.64487199092" lon="28.18294476893">
    <tag k="local_x" v="20.6202"/>
    <tag k="local_y" v="8.3091"/>
    <tag k="ele" v="-2.6795"/>
  </node>
  <node id="220" lat="40.64487594716" lon="28.18294455130">
    <tag k="local_x" v="20.5959"/>
    <tag k="local_y" v="8.7481"/>
    <tag k="ele" v="-2.7006"/>
  </node>
  <node id="221" lat="40.64488022999" lon="28.18294428915">
    <tag k="local_x" v="20.5673"/>
    <tag k="local_y" v="9.2232"/>
    <tag k="ele" v="-2.7223"/>
  </node>
  <node id="222" lat="40.64488450764" lon="28.18294399043">
    <tag k="local_x" v="20.5356"/>
    <tag k="local_y" v="9.6977"/>
    <tag k="ele" v="-2.7442"/>
  </node>
  <node id="223" lat="40.64488901646" lon="28.18294374503">
    <tag k="local_x" v="20.5082"/>
    <tag k="local_y" v="10.1979"/>
    <tag k="ele" v="-2.764"/>
  </node>
  <node id="224" lat="40.64489348581" lon="28.18294354936">
    <tag k="local_x" v="20.4849"/>
    <tag k="local_y" v="10.6938"/>
    <tag k="ele" v="-2.7822"/>
  </node>
  <node id="225" lat="40.64489791083" lon="28.18294338098">
    <tag k="local_x" v="20.4641"/>
    <tag k="local_y" v="11.1848"/>
    <tag k="ele" v="-2.7996"/>
  </node>
  <node id="226" lat="40.64490233288" lon="28.18294322902">
    <tag k="local_x" v="20.4447"/>
    <tag k="local_y" v="11.6755"/>
    <tag k="ele" v="-2.816"/>
  </node>
  <node id="227" lat="40.64490667786" lon="28.18294306140">
    <tag k="local_x" v="20.4240"/>
    <tag k="local_y" v="12.1577"/>
    <tag k="ele" v="-2.8329"/>
  </node>
  <node id="228" lat="40.64491105369" lon="28.18294289528">
    <tag k="local_x" v="20.4034"/>
    <tag k="local_y" v="12.6432"/>
    <tag k="ele" v="-2.8497"/>
  </node>
  <node id="229" lat="40.64491559747" lon="28.18294280393">
    <tag k="local_x" v="20.3889"/>
    <tag k="local_y" v="13.1475"/>
    <tag k="ele" v="-2.8638"/>
  </node>
  <node id="230" lat="40.64492011194" lon="28.18294277247">
    <tag k="local_x" v="20.3795"/>
    <tag k="local_y" v="13.6486"/>
    <tag k="ele" v="-2.8756"/>
  </node>
  <node id="231" lat="40.64492446733" lon="28.18294272434">
    <tag k="local_x" v="20.3689"/>
    <tag k="local_y" v="14.1320"/>
    <tag k="ele" v="-2.8879"/>
  </node>
  <node id="232" lat="40.64492883052" lon="28.18294267151">
    <tag k="local_x" v="20.3579"/>
    <tag k="local_y" v="14.6163"/>
    <tag k="ele" v="-2.9003"/>
  </node>
  <node id="233" lat="40.64493319891" lon="28.18294261632">
    <tag k="local_x" v="20.3468"/>
    <tag k="local_y" v="15.1012"/>
    <tag k="ele" v="-2.9126"/>
  </node>
  <node id="234" lat="40.64493756825" lon="28.18294255561">
    <tag k="local_x" v="20.3351"/>
    <tag k="local_y" v="15.5861"/>
    <tag k="ele" v="-2.9246"/>
  </node>
  <node id="235" lat="40.64494188659" lon="28.18294246341">
    <tag k="local_x" v="20.3209"/>
    <tag k="local_y" v="16.0654"/>
    <tag k="ele" v="-2.9352"/>
  </node>
  <node id="236" lat="40.64494620482" lon="28.18294234669">
    <tag k="local_x" v="20.3045"/>
    <tag k="local_y" v="16.5446"/>
    <tag k="ele" v="-2.9442"/>
  </node>
  <node id="237" lat="40.64495058648" lon="28.18294223291">
    <tag k="local_x" v="20.2884"/>
    <tag k="local_y" v="17.0309"/>
    <tag k="ele" v="-2.9535"/>
  </node>
  <node id="238" lat="40.64495497082" lon="28.18294212268">
    <tag k="local_x" v="20.2725"/>
    <tag k="local_y" v="17.5174"/>
    <tag k="ele" v="-2.9631"/>
  </node>
  <node id="239" lat="40.64495929106" lon="28.18294198488">
    <tag k="local_x" v="20.2544"/>
    <tag k="local_y" v="17.9968"/>
    <tag k="ele" v="-2.9712"/>
  </node>
  <node id="240" lat="40.64496361112" lon="28.18294182370">
    <tag k="local_x" v="20.2343"/>
    <tag k="local_y" v="18.4762"/>
    <tag k="ele" v="-2.9778"/>
  </node>
  <node id="241" lat="40.64496797307" lon="28.18294165706">
    <tag k="local_x" v="20.2137"/>
    <tag k="local_y" v="18.9602"/>
    <tag k="ele" v="-2.9841"/>
  </node>
  <node id="242" lat="40.64497233335" lon="28.18294148433">
    <tag k="local_x" v="20.1926"/>
    <tag k="local_y" v="19.4441"/>
    <tag k="ele" v="-2.9901"/>
  </node>
  <node id="243" lat="40.64497670877" lon="28.18294130964">
    <tag k="local_x" v="20.1713"/>
    <tag k="local_y" v="19.9296"/>
    <tag k="ele" v="-2.9961"/>
  </node>
  <node id="244" lat="40.64498108154" lon="28.18294113501">
    <tag k="local_x" v="20.1500"/>
    <tag k="local_y" v="20.4148"/>
    <tag k="ele" v="-3.0021"/>
  </node>
  <node id="245" lat="40.64498545531" lon="28.18294096038">
    <tag k="local_x" v="20.1287"/>
    <tag k="local_y" v="20.9001"/>
    <tag k="ele" v="-3.0082"/>
  </node>
  <node id="246" lat="40.64498982800" lon="28.18294078576">
    <tag k="local_x" v="20.1074"/>
    <tag k="local_y" v="21.3853"/>
    <tag k="ele" v="-3.0142"/>
  </node>
  <node id="247" lat="40.64499420449" lon="28.18294060992">
    <tag k="local_x" v="20.0860"/>
    <tag k="local_y" v="21.8709"/>
    <tag k="ele" v="-3.0203"/>
  </node>
  <node id="248" lat="40.64499857438" lon="28.18294043294">
    <tag k="local_x" v="20.0645"/>
    <tag k="local_y" v="22.3558"/>
    <tag k="ele" v="-3.0263"/>
  </node>
  <node id="249" lat="40.64500295089" lon="28.18294025702">
    <tag k="local_x" v="20.0431"/>
    <tag k="local_y" v="22.8414"/>
    <tag k="ele" v="-3.0323"/>
  </node>
  <node id="250" lat="40.64500731796" lon="28.18294007893">
    <tag k="local_x" v="20.0216"/>
    <tag k="local_y" v="23.3260"/>
    <tag k="ele" v="-3.0383"/>
  </node>
  <node id="251" lat="40.64501169727" lon="28.18293990012">
    <tag k="local_x" v="19.9999"/>
    <tag k="local_y" v="23.8119"/>
    <tag k="ele" v="-3.0444"/>
  </node>
  <node id="252" lat="40.64501607271" lon="28.18293972205">
    <tag k="local_x" v="19.9783"/>
    <tag k="local_y" v="24.2974"/>
    <tag k="ele" v="-3.0504"/>
  </node>
  <node id="253" lat="40.64502045489" lon="28.18293954740">
    <tag k="local_x" v="19.9570"/>
    <tag k="local_y" v="24.7836"/>
    <tag k="ele" v="-3.0565"/>
  </node>
  <node id="254" lat="40.64502483890" lon="28.18293937742">
    <tag k="local_x" v="19.9361"/>
    <tag k="local_y" v="25.2701"/>
    <tag k="ele" v="-3.0627"/>
  </node>
  <node id="255" lat="40.64502921258" lon="28.18293920675">
    <tag k="local_x" v="19.9151"/>
    <tag k="local_y" v="25.7554"/>
    <tag k="ele" v="-3.0689"/>
  </node>
  <node id="256" lat="40.64503358617" lon="28.18293903571">
    <tag k="local_x" v="19.8941"/>
    <tag k="local_y" v="26.2407"/>
    <tag k="ele" v="-3.075"/>
  </node>
  <node id="257" lat="40.64503796841" lon="28.18293886806">
    <tag k="local_x" v="19.8734"/>
    <tag k="local_y" v="26.7270"/>
    <tag k="ele" v="-3.0812"/>
  </node>
  <node id="258" lat="40.64504235550" lon="28.18293870621">
    <tag k="local_x" v="19.8532"/>
    <tag k="local_y" v="27.2138"/>
    <tag k="ele" v="-3.0875"/>
  </node>
  <node id="259" lat="40.64504673210" lon="28.18293854674">
    <tag k="local_x" v="19.8332"/>
    <tag k="local_y" v="27.6994"/>
    <tag k="ele" v="-3.0938"/>
  </node>
  <node id="260" lat="40.64505110279" lon="28.18293838684">
    <tag k="local_x" v="19.8131"/>
    <tag k="local_y" v="28.1844"/>
    <tag k="ele" v="-3.1"/>
  </node>
  <node id="261" lat="40.64505547932" lon="28.18293822801">
    <tag k="local_x" v="19.7931"/>
    <tag k="local_y" v="28.6701"/>
    <tag k="ele" v="-3.1063"/>
  </node>
  <node id="262" lat="40.64505985294" lon="28.18293806922">
    <tag k="local_x" v="19.7732"/>
    <tag k="local_y" v="29.1554"/>
    <tag k="ele" v="-3.1126"/>
  </node>
  <node id="263" lat="40.64506422362" lon="28.18293791227">
    <tag k="local_x" v="19.7534"/>
    <tag k="local_y" v="29.6404"/>
    <tag k="ele" v="-3.1188"/>
  </node>
  <node id="264" lat="40.64506860027" lon="28.18293775947">
    <tag k="local_x" v="19.7339"/>
    <tag k="local_y" v="30.1261"/>
    <tag k="ele" v="-3.1252"/>
  </node>
  <node id="265" lat="40.64507297096" lon="28.18293760559">
    <tag k="local_x" v="19.7144"/>
    <tag k="local_y" v="30.6111"/>
    <tag k="ele" v="-3.1315"/>
  </node>
  <node id="266" lat="40.64507735361" lon="28.18293745504">
    <tag k="local_x" v="19.6951"/>
    <tag k="local_y" v="31.0974"/>
    <tag k="ele" v="-3.1378"/>
  </node>
  <node id="267" lat="40.64508170930" lon="28.18293730181">
    <tag k="local_x" v="19.6757"/>
    <tag k="local_y" v="31.5807"/>
    <tag k="ele" v="-3.144"/>
  </node>
  <node id="268" lat="40.64508605801" lon="28.18293714589">
    <tag k="local_x" v="19.6560"/>
    <tag k="local_y" v="32.0633"/>
    <tag k="ele" v="-3.1501"/>
  </node>
  <node id="269" lat="40.64509039464" lon="28.18293697611">
    <tag k="local_x" v="19.6352"/>
    <tag k="local_y" v="32.5445"/>
    <tag k="ele" v="-3.156"/>
  </node>
  <node id="270" lat="40.64509471605" lon="28.18293678679">
    <tag k="local_x" v="19.6127"/>
    <tag k="local_y" v="33.0240"/>
    <tag k="ele" v="-3.1616"/>
  </node>
  <node id="271" lat="40.64509905564" lon="28.18293658737">
    <tag k="local_x" v="19.5894"/>
    <tag k="local_y" v="33.5055"/>
    <tag k="ele" v="-3.167"/>
  </node>
  <node id="272" lat="40.64510341264" lon="28.18293639112">
    <tag k="local_x" v="19.5663"/>
    <tag k="local_y" v="33.9889"/>
    <tag k="ele" v="-3.1724"/>
  </node>
  <node id="273" lat="40.64510774732" lon="28.18293618146">
    <tag k="local_x" v="19.5421"/>
    <tag k="local_y" v="34.4698"/>
    <tag k="ele" v="-3.1776"/>
  </node>
  <node id="274" lat="40.64511206066" lon="28.18293595033">
    <tag k="local_x" v="19.5161"/>
    <tag k="local_y" v="34.9484"/>
    <tag k="ele" v="-3.1824"/>
  </node>
  <node id="275" lat="40.64511640776" lon="28.18293571030">
    <tag k="local_x" v="19.4893"/>
    <tag k="local_y" v="35.4307"/>
    <tag k="ele" v="-3.1871"/>
  </node>
  <node id="276" lat="40.64512078896" lon="28.18293548371">
    <tag k="local_x" v="19.4636"/>
    <tag k="local_y" v="35.9167"/>
    <tag k="ele" v="-3.192"/>
  </node>
  <node id="277" lat="40.64512516296" lon="28.18293525858">
    <tag k="local_x" v="19.4380"/>
    <tag k="local_y" v="36.4020"/>
    <tag k="ele" v="-3.1968"/>
  </node>
  <node id="278" lat="40.64512953506" lon="28.18293503358">
    <tag k="local_x" v="19.4125"/>
    <tag k="local_y" v="36.8871"/>
    <tag k="ele" v="-3.2016"/>
  </node>
  <node id="279" lat="40.64513390702" lon="28.18293480880">
    <tag k="local_x" v="19.3869"/>
    <tag k="local_y" v="37.3722"/>
    <tag k="ele" v="-3.2064"/>
  </node>
  <node id="280" lat="40.64513827821" lon="28.18293459514">
    <tag k="local_x" v="19.3623"/>
    <tag k="local_y" v="37.8571"/>
    <tag k="ele" v="-3.2112"/>
  </node>
  <node id="281" lat="40.64514265060" lon="28.18293438147">
    <tag k="local_x" v="19.3377"/>
    <tag k="local_y" v="38.3423"/>
    <tag k="ele" v="-3.216"/>
  </node>
  <node id="282" lat="40.64514702283" lon="28.18293416781">
    <tag k="local_x" v="19.3132"/>
    <tag k="local_y" v="38.8274"/>
    <tag k="ele" v="-3.2208"/>
  </node>
  <node id="283" lat="40.64515139402" lon="28.18293395414">
    <tag k="local_x" v="19.2886"/>
    <tag k="local_y" v="39.3124"/>
    <tag k="ele" v="-3.2256"/>
  </node>
  <node id="284" lat="40.64515576658" lon="28.18293374763">
    <tag k="local_x" v="19.2646"/>
    <tag k="local_y" v="39.7975"/>
    <tag k="ele" v="-3.2304"/>
  </node>
  <node id="285" lat="40.64516013902" lon="28.18293354191">
    <tag k="local_x" v="19.2407"/>
    <tag k="local_y" v="40.2826"/>
    <tag k="ele" v="-3.2352"/>
  </node>
  <node id="286" lat="40.64516451146" lon="28.18293333620">
    <tag k="local_x" v="19.2167"/>
    <tag k="local_y" v="40.7678"/>
    <tag k="ele" v="-3.24"/>
  </node>
  <node id="287" lat="40.64516888285" lon="28.18293313047">
    <tag k="local_x" v="19.1928"/>
    <tag k="local_y" v="41.2528"/>
    <tag k="ele" v="-3.2448"/>
  </node>
  <node id="288" lat="40.64517325551" lon="28.18293292793">
    <tag k="local_x" v="19.1692"/>
    <tag k="local_y" v="41.7379"/>
    <tag k="ele" v="-3.2496"/>
  </node>
  <node id="289" lat="40.64517762805" lon="28.18293272629">
    <tag k="local_x" v="19.1456"/>
    <tag k="local_y" v="42.2231"/>
    <tag k="ele" v="-3.2544"/>
  </node>
  <node id="290" lat="40.64518199955" lon="28.18293252463">
    <tag k="local_x" v="19.1220"/>
    <tag k="local_y" v="42.7081"/>
    <tag k="ele" v="-3.2592"/>
  </node>
  <node id="291" lat="40.64518637223" lon="28.18293232297">
    <tag k="local_x" v="19.0984"/>
    <tag k="local_y" v="43.1933"/>
    <tag k="ele" v="-3.264"/>
  </node>
  <node id="292" lat="40.64519074479" lon="28.18293212190">
    <tag k="local_x" v="19.0749"/>
    <tag k="local_y" v="43.6784"/>
    <tag k="ele" v="-3.2688"/>
  </node>
  <node id="293" lat="40.64519511735" lon="28.18293192113">
    <tag k="local_x" v="19.0514"/>
    <tag k="local_y" v="44.1636"/>
    <tag k="ele" v="-3.2736"/>
  </node>
  <node id="294" lat="40.64519948573" lon="28.18293171931">
    <tag k="local_x" v="19.0278"/>
    <tag k="local_y" v="44.6483"/>
    <tag k="ele" v="-3.2782"/>
  </node>
  <node id="295" lat="40.64520385218" lon="28.18293151525">
    <tag k="local_x" v="19.0040"/>
    <tag k="local_y" v="45.1328"/>
    <tag k="ele" v="-3.2825"/>
  </node>
  <node id="296" lat="40.64520822370" lon="28.18293131010">
    <tag k="local_x" v="18.9801"/>
    <tag k="local_y" v="45.6178"/>
    <tag k="ele" v="-3.2867"/>
  </node>
  <node id="297" lat="40.64521259013" lon="28.18293110219">
    <tag k="local_x" v="18.9560"/>
    <tag k="local_y" v="46.1023"/>
    <tag k="ele" v="-3.2907"/>
  </node>
  <node id="298" lat="40.64521695642" lon="28.18293089192">
    <tag k="local_x" v="18.9318"/>
    <tag k="local_y" v="46.5867"/>
    <tag k="ele" v="-3.2942"/>
  </node>
  <node id="299" lat="40.64522132169" lon="28.18293067929">
    <tag k="local_x" v="18.9073"/>
    <tag k="local_y" v="47.0710"/>
    <tag k="ele" v="-3.2975"/>
  </node>
  <node id="300" lat="40.64522569337" lon="28.18293046522">
    <tag k="local_x" v="18.8826"/>
    <tag k="local_y" v="47.5561"/>
    <tag k="ele" v="-3.3008"/>
  </node>
  <node id="301" lat="40.64523006921" lon="28.18293025068">
    <tag k="local_x" v="18.8580"/>
    <tag k="local_y" v="48.0416"/>
    <tag k="ele" v="-3.304"/>
  </node>
  <node id="302" lat="40.64523443439" lon="28.18293003420">
    <tag k="local_x" v="18.8331"/>
    <tag k="local_y" v="48.5259"/>
    <tag k="ele" v="-3.3073"/>
  </node>
  <node id="303" lat="40.64523881025" lon="28.18292981848">
    <tag k="local_x" v="18.8084"/>
    <tag k="local_y" v="49.0114"/>
    <tag k="ele" v="-3.3105"/>
  </node>
  <node id="304" lat="40.64524318172" lon="28.18292960207">
    <tag k="local_x" v="18.7835"/>
    <tag k="local_y" v="49.4964"/>
    <tag k="ele" v="-3.3137"/>
  </node>
  <node id="305" lat="40.64524755329" lon="28.18292938386">
    <tag k="local_x" v="18.7586"/>
    <tag k="local_y" v="49.9814"/>
    <tag k="ele" v="-3.3169"/>
  </node>
  <node id="306" lat="40.64525192592" lon="28.18292916565">
    <tag k="local_x" v="18.7336"/>
    <tag k="local_y" v="50.4666"/>
    <tag k="ele" v="-3.3201"/>
  </node>
  <node id="307" lat="40.64525629733" lon="28.18292894745">
    <tag k="local_x" v="18.7086"/>
    <tag k="local_y" v="50.9516"/>
    <tag k="ele" v="-3.3233"/>
  </node>
  <node id="308" lat="40.64526066680" lon="28.18292872796">
    <tag k="local_x" v="18.6835"/>
    <tag k="local_y" v="51.4364"/>
    <tag k="ele" v="-3.3265"/>
  </node>
  <node id="309" lat="40.64526504136" lon="28.18292850837">
    <tag k="local_x" v="18.6584"/>
    <tag k="local_y" v="51.9217"/>
    <tag k="ele" v="-3.3298"/>
  </node>
  <node id="310" lat="40.64526941290" lon="28.18292828893">
    <tag k="local_x" v="18.6333"/>
    <tag k="local_y" v="52.4067"/>
    <tag k="ele" v="-3.333"/>
  </node>
  <node id="311" lat="40.64527378549" lon="28.18292806948">
    <tag k="local_x" v="18.6083"/>
    <tag k="local_y" v="52.8919"/>
    <tag k="ele" v="-3.3362"/>
  </node>
  <node id="312" lat="40.64527815689" lon="28.18292785018">
    <tag k="local_x" v="18.5832"/>
    <tag k="local_y" v="53.3769"/>
    <tag k="ele" v="-3.3394"/>
  </node>
  <node id="313" lat="40.64528252635" lon="28.18292763144">
    <tag k="local_x" v="18.5582"/>
    <tag k="local_y" v="53.8617"/>
    <tag k="ele" v="-3.3426"/>
  </node>
  <node id="314" lat="40.64528690096" lon="28.18292741359">
    <tag k="local_x" v="18.5332"/>
    <tag k="local_y" v="54.3470"/>
    <tag k="ele" v="-3.3458"/>
  </node>
  <node id="315" lat="40.64529127255" lon="28.18292719589">
    <tag k="local_x" v="18.5083"/>
    <tag k="local_y" v="54.8321"/>
    <tag k="ele" v="-3.349"/>
  </node>
  <node id="316" lat="40.64529564520" lon="28.18292697818">
    <tag k="local_x" v="18.4833"/>
    <tag k="local_y" v="55.3172"/>
    <tag k="ele" v="-3.3523"/>
  </node>
  <node id="317" lat="40.64530001680" lon="28.18292676688">
    <tag k="local_x" v="18.4589"/>
    <tag k="local_y" v="55.8022"/>
    <tag k="ele" v="-3.3555"/>
  </node>
  <node id="318" lat="40.64530438962" lon="28.18292655585">
    <tag k="local_x" v="18.4346"/>
    <tag k="local_y" v="56.2874"/>
    <tag k="ele" v="-3.3588"/>
  </node>
  <node id="319" lat="40.64530876122" lon="28.18292634481">
    <tag k="local_x" v="18.4102"/>
    <tag k="local_y" v="56.7724"/>
    <tag k="ele" v="-3.362"/>
  </node>
  <node id="320" lat="40.64531313299" lon="28.18292613378">
    <tag k="local_x" v="18.3858"/>
    <tag k="local_y" v="57.2575"/>
    <tag k="ele" v="-3.3652"/>
  </node>
  <node id="321" lat="40.64531750293" lon="28.18292593368">
    <tag k="local_x" v="18.3624"/>
    <tag k="local_y" v="57.7424"/>
    <tag k="ele" v="-3.3684"/>
  </node>
  <node id="322" lat="40.64532187492" lon="28.18292573569">
    <tag k="local_x" v="18.3391"/>
    <tag k="local_y" v="58.2275"/>
    <tag k="ele" v="-3.3716"/>
  </node>
  <node id="323" lat="40.64532623430" lon="28.18292553357">
    <tag k="local_x" v="18.3155"/>
    <tag k="local_y" v="58.7111"/>
    <tag k="ele" v="-3.3749"/>
  </node>
  <node id="324" lat="40.64598895363" lon="28.18288654867">
    <tag k="local_x" v="14.0298"/>
    <tag k="local_y" v="132.2328"/>
    <tag k="ele" v="-2.6304"/>
  </node>
  <node id="326" lat="40.64598669662" lon="28.18288705625">
    <tag k="local_x" v="14.0760"/>
    <tag k="local_y" v="131.9829"/>
    <tag k="ele" v="-2.6304"/>
  </node>
  <node id="327" lat="40.64599705614" lon="28.18288078083">
    <tag k="local_x" v="13.5300"/>
    <tag k="local_y" v="133.1257"/>
    <tag k="ele" v="-2.6076"/>
  </node>
  <node id="328" lat="40.64600446290" lon="28.18287467969">
    <tag k="local_x" v="13.0030"/>
    <tag k="local_y" v="133.9410"/>
    <tag k="ele" v="-2.5847"/>
  </node>
  <node id="329" lat="40.64601181089" lon="28.18286849336">
    <tag k="local_x" v="12.4690"/>
    <tag k="local_y" v="134.7496"/>
    <tag k="ele" v="-2.5632"/>
  </node>
  <node id="330" lat="40.64601865484" lon="28.18286136709">
    <tag k="local_x" v="11.8562"/>
    <tag k="local_y" v="135.5012"/>
    <tag k="ele" v="-2.5545"/>
  </node>
  <node id="331" lat="40.64602549748" lon="28.18285432304">
    <tag k="local_x" v="11.2504"/>
    <tag k="local_y" v="136.2528"/>
    <tag k="ele" v="-2.5458"/>
  </node>
  <node id="332" lat="40.64603226947" lon="28.18284904402">
    <tag k="local_x" v="10.7940"/>
    <tag k="local_y" v="136.9985"/>
    <tag k="ele" v="-2.5355"/>
  </node>
  <node id="333" lat="40.64604001553" lon="28.18284638794">
    <tag k="local_x" v="10.5578"/>
    <tag k="local_y" v="137.8554"/>
    <tag k="ele" v="-2.5216"/>
  </node>
  <node id="334" lat="40.64604849580" lon="28.18284462623">
    <tag k="local_x" v="10.3962"/>
    <tag k="local_y" v="138.7947"/>
    <tag k="ele" v="-2.5068"/>
  </node>
  <node id="335" lat="40.64605640263" lon="28.18284462987">
    <tag k="local_x" v="10.3847"/>
    <tag k="local_y" v="139.6724"/>
    <tag k="ele" v="-2.49"/>
  </node>
  <node id="336" lat="40.64606488616" lon="28.18284464536">
    <tag k="local_x" v="10.3733"/>
    <tag k="local_y" v="140.6142"/>
    <tag k="ele" v="-2.4733"/>
  </node>
  <node id="337" lat="40.64607355132" lon="28.18284493151">
    <tag k="local_x" v="10.3846"/>
    <tag k="local_y" v="141.5764"/>
    <tag k="ele" v="-2.4546"/>
  </node>
  <node id="338" lat="40.64608212654" lon="28.18284563064">
    <tag k="local_x" v="10.4309"/>
    <tag k="local_y" v="142.5291"/>
    <tag k="ele" v="-2.4312"/>
  </node>
  <node id="339" lat="40.64609065417" lon="28.18284649443">
    <tag k="local_x" v="10.4912"/>
    <tag k="local_y" v="143.4767"/>
    <tag k="ele" v="-2.4078"/>
  </node>
  <node id="340" lat="40.64609933422" lon="28.18284741061">
    <tag k="local_x" v="10.5557"/>
    <tag k="local_y" v="144.4413"/>
    <tag k="ele" v="-2.3867"/>
  </node>
  <node id="341" lat="40.64610802023" lon="28.18284855634">
    <tag k="local_x" v="10.6396"/>
    <tag k="local_y" v="145.4068"/>
    <tag k="ele" v="-2.3924"/>
  </node>
  <node id="342" lat="40.64611671076" lon="28.18284982377">
    <tag k="local_x" v="10.7338"/>
    <tag k="local_y" v="146.3729"/>
    <tag k="ele" v="-2.4079"/>
  </node>
  <node id="343" lat="40.64612540577" lon="28.18285118698">
    <tag k="local_x" v="10.8361"/>
    <tag k="local_y" v="147.3397"/>
    <tag k="ele" v="-2.4234"/>
  </node>
  <node id="344" lat="40.64613355582" lon="28.18285347507">
    <tag k="local_x" v="11.0174"/>
    <tag k="local_y" v="148.2470"/>
    <tag k="ele" v="-2.416"/>
  </node>
  <node id="345" lat="40.64614182587" lon="28.18285640537">
    <tag k="local_x" v="11.2528"/>
    <tag k="local_y" v="149.1683"/>
    <tag k="ele" v="-2.3894"/>
  </node>
  <node id="346" lat="40.64615047505" lon="28.18285931021">
    <tag k="local_x" v="11.4855"/>
    <tag k="local_y" v="150.1317"/>
    <tag k="ele" v="-2.3628"/>
  </node>
  <node id="347" lat="40.64615911883" lon="28.18286229879">
    <tag k="local_x" v="11.7253"/>
    <tag k="local_y" v="151.0947"/>
    <tag k="ele" v="-2.337"/>
  </node>
  <node id="348" lat="40.64616768114" lon="28.18286593222">
    <tag k="local_x" v="12.0197"/>
    <tag k="local_y" v="152.0493"/>
    <tag k="ele" v="-2.3216"/>
  </node>
  <node id="349" lat="40.64617620907" lon="28.18286979952">
    <tag k="local_x" v="12.3340"/>
    <tag k="local_y" v="153.0003"/>
    <tag k="ele" v="-2.31"/>
  </node>
  <node id="350" lat="40.64618465370" lon="28.18287402899">
    <tag k="local_x" v="12.6790"/>
    <tag k="local_y" v="153.9425"/>
    <tag k="ele" v="-2.3008"/>
  </node>
  <node id="351" lat="40.64619276268" lon="28.18287954618">
    <tag k="local_x" v="13.1334"/>
    <tag k="local_y" v="154.8489"/>
    <tag k="ele" v="-2.301"/>
  </node>
  <node id="352" lat="40.64620131023" lon="28.18288390071">
    <tag k="local_x" v="13.4888"/>
    <tag k="local_y" v="155.8027"/>
    <tag k="ele" v="-2.2985"/>
  </node>
  <node id="353" lat="40.64620997443" lon="28.18288623293">
    <tag k="local_x" v="13.6731"/>
    <tag k="local_y" v="156.7671"/>
    <tag k="ele" v="-2.2875"/>
  </node>
  <node id="354" lat="40.64621262951" lon="28.18288665364">
    <tag k="local_x" v="13.7047"/>
    <tag k="local_y" v="157.0624"/>
    <tag k="ele" v="-1.5314"/>
  </node>
  <node id="355" lat="40.64621364772" lon="28.18288672660">
    <tag k="local_x" v="13.7093"/>
    <tag k="local_y" v="157.1755"/>
    <tag k="ele" v="-0.578"/>
  </node>
  <node id="356" lat="40.64621466584" lon="28.18288679677">
    <tag k="local_x" v="13.7137"/>
    <tag k="local_y" v="157.2886"/>
    <tag k="ele" v="0.3753"/>
  </node>
  <node id="357" lat="40.64621568393" lon="28.18288686812">
    <tag k="local_x" v="13.7182"/>
    <tag k="local_y" v="157.4017"/>
    <tag k="ele" v="1.3286"/>
  </node>
  <node id="358" lat="40.64621670204" lon="28.18288693829">
    <tag k="local_x" v="13.7226"/>
    <tag k="local_y" v="157.5148"/>
    <tag k="ele" v="2.282"/>
  </node>
  <node id="359" lat="40.64621772106" lon="28.18288700980">
    <tag k="local_x" v="13.7272"/>
    <tag k="local_y" v="157.6280"/>
    <tag k="ele" v="3.2353"/>
  </node>
  <node id="361" lat="40.64600087719" lon="28.18288634219">
    <tag k="local_x" v="13.9945"/>
    <tag k="local_y" v="133.5562"/>
    <tag k="ele" v="-2.6149"/>
  </node>
  <node id="362" lat="40.64600984061" lon="28.18288632662">
    <tag k="local_x" v="13.9798"/>
    <tag k="local_y" v="134.5512"/>
    <tag k="ele" v="-2.5994"/>
  </node>
  <node id="363" lat="40.64601880087" lon="28.18288633538">
    <tag k="local_x" v="13.9672"/>
    <tag k="local_y" v="135.5458"/>
    <tag k="ele" v="-2.5838"/>
  </node>
  <node id="364" lat="40.64602775852" lon="28.18288645103">
    <tag k="local_x" v="13.9636"/>
    <tag k="local_y" v="136.5403"/>
    <tag k="ele" v="-2.5683"/>
  </node>
  <node id="365" lat="40.64603597124" lon="28.18288628047">
    <tag k="local_x" v="13.9369"/>
    <tag k="local_y" v="137.4518"/>
    <tag k="ele" v="-2.5544"/>
  </node>
  <node id="366" lat="40.64604427927" lon="28.18288601047">
    <tag k="local_x" v="13.9016"/>
    <tag k="local_y" v="138.3737"/>
    <tag k="ele" v="-2.5418"/>
  </node>
  <node id="367" lat="40.64605323798" lon="28.18288576218">
    <tag k="local_x" v="13.8673"/>
    <tag k="local_y" v="139.3679"/>
    <tag k="ele" v="-2.5292"/>
  </node>
  <node id="368" lat="40.64606144712" lon="28.18288542155">
    <tag k="local_x" v="13.8262"/>
    <tag k="local_y" v="140.2788"/>
    <tag k="ele" v="-2.5129"/>
  </node>
  <node id="369" lat="40.64607023129" lon="28.18288501628">
    <tag k="local_x" v="13.7788"/>
    <tag k="local_y" v="141.2534"/>
    <tag k="ele" v="-2.4957"/>
  </node>
  <node id="370" lat="40.64607919759" lon="28.18288479433">
    <tag k="local_x" v="13.7467"/>
    <tag k="local_y" v="142.2485"/>
    <tag k="ele" v="-2.4786"/>
  </node>
  <node id="371" lat="40.64608807195" lon="28.18288457372">
    <tag k="local_x" v="13.7148"/>
    <tag k="local_y" v="143.2334"/>
    <tag k="ele" v="-2.4629"/>
  </node>
  <node id="372" lat="40.64609689776" lon="28.18288449309">
    <tag k="local_x" v="13.6948"/>
    <tag k="local_y" v="144.2130"/>
    <tag k="ele" v="-2.4496"/>
  </node>
  <node id="373" lat="40.64610587432" lon="28.18288442816">
    <tag k="local_x" v="13.6759"/>
    <tag k="local_y" v="145.2094"/>
    <tag k="ele" v="-2.4363"/>
  </node>
  <node id="374" lat="40.64611486221" lon="28.18288455561">
    <tag k="local_x" v="13.6732"/>
    <tag k="local_y" v="146.2072"/>
    <tag k="ele" v="-2.423"/>
  </node>
  <node id="375" lat="40.64612385002" lon="28.18288470661">
    <tag k="local_x" v="13.6726"/>
    <tag k="local_y" v="147.2051"/>
    <tag k="ele" v="-2.4097"/>
  </node>
  <node id="376" lat="40.64613284729" lon="28.18288503199">
    <tag k="local_x" v="13.6867"/>
    <tag k="local_y" v="148.2042"/>
    <tag k="ele" v="-2.3964"/>
  </node>
  <node id="377" lat="40.64614133806" lon="28.18288517201">
    <tag k="local_x" v="13.6858"/>
    <tag k="local_y" v="149.1469"/>
    <tag k="ele" v="-2.3827"/>
  </node>
  <node id="378" lat="40.64614998452" lon="28.18288525842">
    <tag k="local_x" v="13.6802"/>
    <tag k="local_y" v="150.1068"/>
    <tag k="ele" v="-2.3686"/>
  </node>
  <node id="379" lat="40.64615900167" lon="28.18288530912">
    <tag k="local_x" v="13.6711"/>
    <tag k="local_y" v="151.1078"/>
    <tag k="ele" v="-2.3546"/>
  </node>
  <node id="380" lat="40.64616802508" lon="28.18288546534">
    <tag k="local_x" v="13.6708"/>
    <tag k="local_y" v="152.1096"/>
    <tag k="ele" v="-2.3406"/>
  </node>
  <node id="381" lat="40.64617704776" lon="28.18288562654">
    <tag k="local_x" v="13.6709"/>
    <tag k="local_y" v="153.1114"/>
    <tag k="ele" v="-2.3266"/>
  </node>
  <node id="382" lat="40.64618607455" lon="28.18288584112">
    <tag k="local_x" v="13.6756"/>
    <tag k="local_y" v="154.1137"/>
    <tag k="ele" v="-2.3126"/>
  </node>
  <node id="383" lat="40.64619430945" lon="28.18288604762">
    <tag k="local_x" v="13.6808"/>
    <tag k="local_y" v="155.0280"/>
    <tag k="ele" v="-2.158"/>
  </node>
  <node id="384" lat="40.64619841054" lon="28.18288618781">
    <tag k="local_x" v="13.6865"/>
    <tag k="local_y" v="155.4834"/>
    <tag k="ele" v="-1.2592"/>
  </node>
  <node id="385" lat="40.64620227644" lon="28.18288635999">
    <tag k="local_x" v="13.6953"/>
    <tag k="local_y" v="155.9128"/>
    <tag k="ele" v="-0.3603"/>
  </node>
  <node id="386" lat="40.64620613829" lon="28.18288653264">
    <tag k="local_x" v="13.7041"/>
    <tag k="local_y" v="156.3417"/>
    <tag k="ele" v="0.5386"/>
  </node>
  <node id="387" lat="40.64620999680" lon="28.18288670453">
    <tag k="local_x" v="13.7129"/>
    <tag k="local_y" v="156.7702"/>
    <tag k="ele" v="1.4375"/>
  </node>
  <node id="388" lat="40.64621386140" lon="28.18288686849">
    <tag k="local_x" v="13.7210"/>
    <tag k="local_y" v="157.1993"/>
    <tag k="ele" v="2.3364"/>
  </node>
  <node id="389" lat="40.64621772106" lon="28.18288700980">
    <tag k="local_x" v="13.7272"/>
    <tag k="local_y" v="157.6280"/>
    <tag k="ele" v="3.2353"/>
  </node>
  <node id="391" lat="40.64622597332" lon="28.18288779078">
    <tag k="local_x" v="13.7809"/>
    <tag k="local_y" v="158.5449"/>
    <tag k="ele" v="2.6777"/>
  </node>
  <node id="392" lat="40.64623344926" lon="28.18288860893">
    <tag k="local_x" v="13.8389"/>
    <tag k="local_y" v="159.3757"/>
    <tag k="ele" v="2.1201"/>
  </node>
  <node id="393" lat="40.64624092197" lon="28.18288933995">
    <tag k="local_x" v="13.8896"/>
    <tag k="local_y" v="160.2060"/>
    <tag k="ele" v="1.5625"/>
  </node>
  <node id="394" lat="40.64624839571" lon="28.18289007112">
    <tag k="local_x" v="13.9402"/>
    <tag k="local_y" v="161.0365"/>
    <tag k="ele" v="1.0049"/>
  </node>
  <node id="395" lat="40.64625586726" lon="28.18289067512">
    <tag k="local_x" v="13.9801"/>
    <tag k="local_y" v="161.8666"/>
    <tag k="ele" v="0.4474"/>
  </node>
  <node id="396" lat="40.64626333487" lon="28.18289124878">
    <tag k="local_x" v="14.0175"/>
    <tag k="local_y" v="162.6962"/>
    <tag k="ele" v="-0.1102"/>
  </node>
  <node id="397" lat="40.64627080272" lon="28.18289174743">
    <tag k="local_x" v="14.0485"/>
    <tag k="local_y" v="163.5257"/>
    <tag k="ele" v="-0.6678"/>
  </node>
  <node id="398" lat="40.64627826670" lon="28.18289213192">
    <tag k="local_x" v="14.0699"/>
    <tag k="local_y" v="164.3547"/>
    <tag k="ele" v="-1.2254"/>
  </node>
  <node id="399" lat="40.64628573250" lon="28.18289251766">
    <tag k="local_x" v="14.0913"/>
    <tag k="local_y" v="165.1839"/>
    <tag k="ele" v="-1.783"/>
  </node>
  <node id="400" lat="40.64629344561" lon="28.18289269947">
    <tag k="local_x" v="14.0952"/>
    <tag k="local_y" v="166.0403"/>
    <tag k="ele" v="-2.2449"/>
  </node>
  <node id="401" lat="40.64630242279" lon="28.18289287359">
    <tag k="local_x" v="14.0965"/>
    <tag k="local_y" v="167.0370"/>
    <tag k="ele" v="-2.2366"/>
  </node>
  <node id="402" lat="40.64631141356" lon="28.18289283877">
    <tag k="local_x" v="14.0801"/>
    <tag k="local_y" v="168.0350"/>
    <tag k="ele" v="-2.2284"/>
  </node>
  <node id="403" lat="40.64632040314" lon="28.18289276299">
    <tag k="local_x" v="14.0603"/>
    <tag k="local_y" v="169.0328"/>
    <tag k="ele" v="-2.2201"/>
  </node>
  <node id="404" lat="40.64632938592" lon="28.18289249439">
    <tag k="local_x" v="14.0242"/>
    <tag k="local_y" v="170.0297"/>
    <tag k="ele" v="-2.2118"/>
  </node>
  <node id="405" lat="40.64633836963" lon="28.18289218789">
    <tag k="local_x" v="13.9849"/>
    <tag k="local_y" v="171.0266"/>
    <tag k="ele" v="-2.2036"/>
  </node>
  <node id="406" lat="40.64634785624" lon="28.18289294484">
    <tag k="local_x" v="14.0347"/>
    <tag k="local_y" v="172.0805"/>
    <tag k="ele" v="-2.1857"/>
  </node>
  <node id="407" lat="40.64635707006" lon="28.18289433756">
    <tag k="local_x" v="14.1387"/>
    <tag k="local_y" v="173.1049"/>
    <tag k="ele" v="-2.1627"/>
  </node>
  <node id="408" lat="40.64636600499" lon="28.18289557888">
    <tag k="local_x" v="14.2303"/>
    <tag k="local_y" v="174.0981"/>
    <tag k="ele" v="-2.1396"/>
  </node>
  <node id="409" lat="40.64637494125" lon="28.18289679275">
    <tag k="local_x" v="14.3196"/>
    <tag k="local_y" v="175.0915"/>
    <tag k="ele" v="-2.1166"/>
  </node>
  <node id="410" lat="40.64638391585" lon="28.18289803114">
    <tag k="local_x" v="14.4109"/>
    <tag k="local_y" v="176.0891"/>
    <tag k="ele" v="-2.0982"/>
  </node>
  <node id="411" lat="40.64639331510" lon="28.18290065478">
    <tag k="local_x" v="14.6187"/>
    <tag k="local_y" v="177.1355"/>
    <tag k="ele" v="-2.1433"/>
  </node>
  <node id="412" lat="40.64640214247" lon="28.18290324756">
    <tag k="local_x" v="14.8248"/>
    <tag k="local_y" v="178.1183"/>
    <tag k="ele" v="-2.1947"/>
  </node>
  <node id="413" lat="40.64641090383" lon="28.18290581048">
    <tag k="local_x" v="15.0284"/>
    <tag k="local_y" v="179.0938"/>
    <tag k="ele" v="-2.246"/>
  </node>
  <node id="414" lat="40.64641941636" lon="28.18290770088">
    <tag k="local_x" v="15.1755"/>
    <tag k="local_y" v="180.0409"/>
    <tag k="ele" v="-2.277"/>
  </node>
  <node id="415" lat="40.64642777201" lon="28.18290853119">
    <tag k="local_x" v="15.2332"/>
    <tag k="local_y" v="180.9694"/>
    <tag k="ele" v="-2.2728"/>
  </node>
  <node id="416" lat="40.64643672989" lon="28.18290950321">
    <tag k="local_x" v="15.3020"/>
    <tag k="local_y" v="181.9649"/>
    <tag k="ele" v="-2.2686"/>
  </node>
  <node id="417" lat="40.64644568729" lon="28.18291048021">
    <tag k="local_x" v="15.3713"/>
    <tag k="local_y" v="182.9603"/>
    <tag k="ele" v="-2.2644"/>
  </node>
  <node id="418" lat="40.64645464330" lon="28.18291148340">
    <tag k="local_x" v="15.4427"/>
    <tag k="local_y" v="183.9556"/>
    <tag k="ele" v="-2.2602"/>
  </node>
  <node id="419" lat="40.64646359797" lon="28.18291249387">
    <tag k="local_x" v="15.5148"/>
    <tag k="local_y" v="184.9508"/>
    <tag k="ele" v="-2.256"/>
  </node>
  <node id="420" lat="40.64647257426" lon="28.18291357669">
    <tag k="local_x" v="15.5929"/>
    <tag k="local_y" v="185.9485"/>
    <tag k="ele" v="-2.2534"/>
  </node>
  <node id="421" lat="40.64648171105" lon="28.18291500341">
    <tag k="local_x" v="15.6999"/>
    <tag k="local_y" v="186.9643"/>
    <tag k="ele" v="-2.2625"/>
  </node>
  <node id="422" lat="40.64649063453" lon="28.18291643335">
    <tag k="local_x" v="15.8075"/>
    <tag k="local_y" v="187.9565"/>
    <tag k="ele" v="-2.2718"/>
  </node>
  <node id="423" lat="40.64649955353" lon="28.18291787231">
    <tag k="local_x" v="15.9159"/>
    <tag k="local_y" v="188.9482"/>
    <tag k="ele" v="-2.2811"/>
  </node>
  <node id="424" lat="40.64650847016" lon="28.18291935045">
    <tag k="local_x" v="16.0275"/>
    <tag k="local_y" v="189.9397"/>
    <tag k="ele" v="-2.2904"/>
  </node>
  <node id="425" lat="40.64651738316" lon="28.18292083851">
    <tag k="local_x" v="16.1400"/>
    <tag k="local_y" v="190.9308"/>
    <tag k="ele" v="-2.2997"/>
  </node>
  <node id="426" lat="40.64652629326" lon="28.18292237069">
    <tag k="local_x" v="16.2563"/>
    <tag k="local_y" v="191.9216"/>
    <tag k="ele" v="-2.309"/>
  </node>
  <node id="427" lat="40.64653516246" lon="28.18292385266">
    <tag k="local_x" v="16.3684"/>
    <tag k="local_y" v="192.9078"/>
    <tag k="ele" v="-2.3184"/>
  </node>
  <node id="428" lat="40.64654320620" lon="28.18292408207">
    <tag k="local_x" v="16.3757"/>
    <tag k="local_y" v="193.8010"/>
    <tag k="ele" v="-2.3308"/>
  </node>
  <node id="429" lat="40.64655205617" lon="28.18292425185">
    <tag k="local_x" v="16.3769"/>
    <tag k="local_y" v="194.7836"/>
    <tag k="ele" v="-2.3437"/>
  </node>
  <node id="430" lat="40.64656103994" lon="28.18292446581">
    <tag k="local_x" v="16.3816"/>
    <tag k="local_y" v="195.7811"/>
    <tag k="ele" v="-2.3566"/>
  </node>
  <node id="431" lat="40.64657002263" lon="28.18292469283">
    <tag k="local_x" v="16.3873"/>
    <tag k="local_y" v="196.7785"/>
    <tag k="ele" v="-2.3695"/>
  </node>
  <node id="432" lat="40.64657900582" lon="28.18292494897">
    <tag k="local_x" v="16.3956"/>
    <tag k="local_y" v="197.7760"/>
    <tag k="ele" v="-2.3824"/>
  </node>
  <node id="433" lat="40.64658797180" lon="28.18292519327">
    <tag k="local_x" v="16.4029"/>
    <tag k="local_y" v="198.7715"/>
    <tag k="ele" v="-2.395"/>
  </node>
  <node id="434" lat="40.64659650222" lon="28.18292487405">
    <tag k="local_x" v="16.3631"/>
    <tag k="local_y" v="199.7181"/>
    <tag k="ele" v="-2.3996"/>
  </node>
  <node id="435" lat="40.64660548264" lon="28.18292455289">
    <tag k="local_x" v="16.3226"/>
    <tag k="local_y" v="200.7146"/>
    <tag k="ele" v="-2.4041"/>
  </node>
  <node id="436" lat="40.64661446586" lon="28.18292423636">
    <tag k="local_x" v="16.2824"/>
    <tag k="local_y" v="201.7114"/>
    <tag k="ele" v="-2.4086"/>
  </node>
  <node id="437" lat="40.64662344820" lon="28.18292392114">
    <tag k="local_x" v="16.2423"/>
    <tag k="local_y" v="202.7082"/>
    <tag k="ele" v="-2.4131"/>
  </node>
  <node id="438" lat="40.64663242946" lon="28.18292359633">
    <tag k="local_x" v="16.2014"/>
    <tag k="local_y" v="203.7048"/>
    <tag k="ele" v="-2.4176"/>
  </node>
  <node id="439" lat="40.64664141332" lon="28.18292326955">
    <tag k="local_x" v="16.1604"/>
    <tag k="local_y" v="204.7017"/>
    <tag k="ele" v="-2.4221"/>
  </node>
  <node id="440" lat="40.64665050853" lon="28.18292307031">
    <tag k="local_x" v="16.1300"/>
    <tag k="local_y" v="205.7111"/>
    <tag k="ele" v="-2.4232"/>
  </node>
  <node id="441" lat="40.64665956624" lon="28.18292296430">
    <tag k="local_x" v="16.1075"/>
    <tag k="local_y" v="206.7164"/>
    <tag k="ele" v="-2.4221"/>
  </node>
  <node id="442" lat="40.64666855118" lon="28.18292282735">
    <tag k="local_x" v="16.0825"/>
    <tag k="local_y" v="207.7137"/>
    <tag k="ele" v="-2.4209"/>
  </node>
  <node id="443" lat="40.64667753599" lon="28.18292267789">
    <tag k="local_x" v="16.0564"/>
    <tag k="local_y" v="208.7109"/>
    <tag k="ele" v="-2.4198"/>
  </node>
  <node id="444" lat="40.64668652034" lon="28.18292248042">
    <tag k="local_x" v="16.0263"/>
    <tag k="local_y" v="209.7080"/>
    <tag k="ele" v="-2.4186"/>
  </node>
  <node id="445" lat="40.64669550543" lon="28.18292226408">
    <tag k="local_x" v="15.9946"/>
    <tag k="local_y" v="210.7051"/>
    <tag k="ele" v="-2.4175"/>
  </node>
  <node id="558" lat="40.64670434705" lon="28.18293717048">
    <tag k="local_x" v="17.2418"/>
    <tag k="local_y" v="211.7035"/>
    <tag k="ele" v="6.2457"/>
  </node>
  <node id="559" lat="40.64672676594" lon="28.18293660611">
    <tag k="local_x" v="17.1606"/>
    <tag k="local_y" v="214.1915"/>
    <tag k="ele" v="4.509"/>
  </node>
  <node id="561" lat="40.64670461048" lon="28.18290164352">
    <tag k="local_x" v="14.2375"/>
    <tag k="local_y" v="211.6924"/>
    <tag k="ele" v="6.2457"/>
  </node>
  <node id="562" lat="40.64672668612" lon="28.18290113796">
    <tag k="local_x" v="14.1618"/>
    <tag k="local_y" v="214.1423"/>
    <tag k="ele" v="4.5402"/>
  </node>
  <node id="565" lat="40.64674671752" lon="28.18293597461">
    <tag k="local_x" v="17.0774"/>
    <tag k="local_y" v="216.4056"/>
    <tag k="ele" v="2.676"/>
  </node>
  <node id="566" lat="40.64674629345" lon="28.18290052423">
    <tag k="local_x" v="14.0807"/>
    <tag k="local_y" v="216.3182"/>
    <tag k="ele" v="2.7396"/>
  </node>
  <node id="567" lat="40.64676682436" lon="28.18293496892">
    <tag k="local_x" v="16.9624"/>
    <tag k="local_y" v="218.6364"/>
    <tag k="ele" v="0.8626"/>
  </node>
  <node id="568" lat="40.64676603073" lon="28.18289954933">
    <tag k="local_x" v="13.9688"/>
    <tag k="local_y" v="218.5080"/>
    <tag k="ele" v="0.9538"/>
  </node>
  <node id="569" lat="40.64678785470" lon="28.18293355550">
    <tag k="local_x" v="16.8114"/>
    <tag k="local_y" v="220.9693"/>
    <tag k="ele" v="-0.8071"/>
  </node>
  <node id="570" lat="40.64678658686" lon="28.18289818417">
    <tag k="local_x" v="13.8226"/>
    <tag k="local_y" v="220.7883"/>
    <tag k="ele" v="-0.6976"/>
  </node>
  <node id="571" lat="40.64681069305" lon="28.18293164308">
    <tag k="local_x" v="16.6156"/>
    <tag k="local_y" v="223.5023"/>
    <tag k="ele" v="-2.1414"/>
  </node>
  <node id="572" lat="40.64680894128" lon="28.18289635095">
    <tag k="local_x" v="13.6343"/>
    <tag k="local_y" v="223.2677"/>
    <tag k="ele" v="-2.0481"/>
  </node>
  <node id="573" lat="40.64683595680" lon="28.18292942374">
    <tag k="local_x" v="16.3903"/>
    <tag k="local_y" v="226.3043"/>
    <tag k="ele" v="-2.8474"/>
  </node>
  <node id="574" lat="40.64683359047" lon="28.18289422647">
    <tag k="local_x" v="13.4178"/>
    <tag k="local_y" v="226.0016"/>
    <tag k="ele" v="-2.8071"/>
  </node>
  <node id="575" lat="40.64686178899" lon="28.18292730688">
    <tag k="local_x" v="16.1727"/>
    <tag k="local_y" v="229.1694"/>
    <tag k="ele" v="-2.9257"/>
  </node>
  <node id="576" lat="40.64685893925" lon="28.18289212508">
    <tag k="local_x" v="13.2023"/>
    <tag k="local_y" v="228.8130"/>
    <tag k="ele" v="-2.9437"/>
  </node>
  <node id="577" lat="40.64688754704" lon="28.18292541471">
    <tag k="local_x" v="15.9743"/>
    <tag k="local_y" v="232.0266"/>
    <tag k="ele" v="-2.6774"/>
  </node>
  <node id="578" lat="40.64688428133" lon="28.18289022461">
    <tag k="local_x" v="13.0038"/>
    <tag k="local_y" v="231.6240"/>
    <tag k="ele" v="-2.7224"/>
  </node>
  <node id="579" lat="40.64691256186" lon="28.18292380055">
    <tag k="local_x" v="15.8004"/>
    <tag k="local_y" v="234.8015"/>
    <tag k="ele" v="-2.4385"/>
  </node>
  <node id="580" lat="40.64690946342" lon="28.18288858684">
    <tag k="local_x" v="12.8277"/>
    <tag k="local_y" v="234.4175"/>
    <tag k="ele" v="-2.4661"/>
  </node>
  <node id="581" lat="40.64693848457" lon="28.18292264188">
    <tag k="local_x" v="15.6638"/>
    <tag k="local_y" v="237.6778"/>
    <tag k="ele" v="-2.2278"/>
  </node>
  <node id="582" lat="40.64693421535" lon="28.18288728668">
    <tag k="local_x" v="12.6808"/>
    <tag k="local_y" v="237.1637"/>
    <tag k="ele" v="-2.2785"/>
  </node>
  <node id="583" lat="40.64696430106" lon="28.18292215105">
    <tag k="local_x" v="15.5837"/>
    <tag k="local_y" v="240.5430"/>
    <tag k="ele" v="-1.9061"/>
  </node>
  <node id="584" lat="40.64695956531" lon="28.18288672965">
    <tag k="local_x" v="12.5959"/>
    <tag k="local_y" v="239.9770"/>
    <tag k="ele" v="-1.9779"/>
  </node>
  <node id="585" lat="40.64698994423" lon="28.18292228608">
    <tag k="local_x" v="15.5568"/>
    <tag k="local_y" v="243.3897"/>
    <tag k="ele" v="-1.5383"/>
  </node>
  <node id="586" lat="40.64698483629" lon="28.18288673343">
    <tag k="local_x" v="12.5584"/>
    <tag k="local_y" v="242.7823"/>
    <tag k="ele" v="-1.6202"/>
  </node>
  <node id="587" lat="40.64701559600" lon="28.18292285824">
    <tag k="local_x" v="15.5669"/>
    <tag k="local_y" v="246.2379"/>
    <tag k="ele" v="-1.1658"/>
  </node>
  <node id="588" lat="40.64701006711" lon="28.18288723533">
    <tag k="local_x" v="12.5632"/>
    <tag k="local_y" v="245.5836"/>
    <tag k="ele" v="-1.2503"/>
  </node>
  <node id="589" lat="40.64704130544" lon="28.18292362552">
    <tag k="local_x" v="15.5934"/>
    <tag k="local_y" v="249.0927"/>
    <tag k="ele" v="-0.8246"/>
  </node>
  <node id="590" lat="40.64703529411" lon="28.18288796726">
    <tag k="local_x" v="12.5874"/>
    <tag k="local_y" v="248.3848"/>
    <tag k="ele" v="-0.9033"/>
  </node>
  <node id="591" lat="40.64706711135" lon="28.18292440624">
    <tag k="local_x" v="15.6209"/>
    <tag k="local_y" v="251.9582"/>
    <tag k="ele" v="-0.5537"/>
  </node>
  <node id="592" lat="40.64706057497" lon="28.18288874434">
    <tag k="local_x" v="12.6154"/>
    <tag k="local_y" v="251.1920"/>
    <tag k="ele" v="-0.6148"/>
  </node>
  <node id="595" lat="40.64709301507" lon="28.18292504598">
    <tag k="local_x" v="15.6363"/>
    <tag k="local_y" v="254.8344"/>
    <tag k="ele" v="-0.4065"/>
  </node>
  <node id="596" lat="40.64708599953" lon="28.18288941258">
    <tag k="local_x" v="12.6339"/>
    <tag k="local_y" v="254.0151"/>
    <tag k="ele" v="-0.4303"/>
  </node>
  <node id="597" lat="40.64711816025" lon="28.18292547664">
    <tag k="local_x" v="15.6352"/>
    <tag k="local_y" v="257.6261"/>
    <tag k="ele" v="-0.4612"/>
  </node>
  <node id="598" lat="40.64711080131" lon="28.18288990055">
    <tag k="local_x" v="12.6382"/>
    <tag k="local_y" v="256.7688"/>
    <tag k="ele" v="-0.4214"/>
  </node>
  <node id="599" lat="40.64714398387" lon="28.18292584220">
    <tag k="local_x" v="15.6275"/>
    <tag k="local_y" v="260.4931"/>
    <tag k="ele" v="-0.7176"/>
  </node>
  <node id="600" lat="40.64713620091" lon="28.18289027795">
    <tag k="local_x" v="12.6321"/>
    <tag k="local_y" v="259.5887"/>
    <tag k="ele" v="-0.624"/>
  </node>
  <node id="601" lat="40.64716967239" lon="28.18292608936">
    <tag k="local_x" v="15.6101"/>
    <tag k="local_y" v="263.3450"/>
    <tag k="ele" v="-1.1003"/>
  </node>
  <node id="602" lat="40.64716147431" lon="28.18289056257">
    <tag k="local_x" v="12.6185"/>
    <tag k="local_y" v="262.3946"/>
    <tag k="ele" v="-0.9677"/>
  </node>
  <node id="603" lat="40.64719520549" lon="28.18292616962">
    <tag k="local_x" v="15.5787"/>
    <tag k="local_y" v="266.1794"/>
    <tag k="ele" v="-1.55"/>
  </node>
  <node id="604" lat="40.64718668371" lon="28.18289070713">
    <tag k="local_x" v="12.5931"/>
    <tag k="local_y" v="265.1931"/>
    <tag k="ele" v="-1.3948"/>
  </node>
  <node id="605" lat="40.64722082542" lon="28.18292591003">
    <tag k="local_x" v="15.5185"/>
    <tag k="local_y" v="269.0231"/>
    <tag k="ele" v="-2.0048"/>
  </node>
  <node id="606" lat="40.64721174682" lon="28.18289061343">
    <tag k="local_x" v="12.5477"/>
    <tag k="local_y" v="267.9752"/>
    <tag k="ele" v="-1.8497"/>
  </node>
  <node id="607" lat="40.64724431780" lon="28.18292468436">
    <tag k="local_x" v="15.3798"/>
    <tag k="local_y" v="271.6295"/>
    <tag k="ele" v="-2.313"/>
  </node>
  <node id="608" lat="40.64723660198" lon="28.18288984729">
    <tag k="local_x" v="12.4458"/>
    <tag k="local_y" v="270.7334"/>
    <tag k="ele" v="-2.2429"/>
  </node>
  <node id="609" lat="40.64727037472" lon="28.18292057452">
    <tag k="local_x" v="14.9934"/>
    <tag k="local_y" v="274.5173"/>
    <tag k="ele" v="-2.3818"/>
  </node>
  <node id="610" lat="40.64725974649" lon="28.18288641598">
    <tag k="local_x" v="12.1211"/>
    <tag k="local_y" v="273.2987"/>
    <tag k="ele" v="-2.371"/>
  </node>
  <node id="611" lat="40.64761973122" lon="28.18205047135">
    <tag k="local_x" v="-59.0960"/>
    <tag k="local_y" v="312.3089"/>
    <tag k="ele" v="-1.0858"/>
  </node>
  <node id="612" lat="40.64759658710" lon="28.18203238266">
    <tag k="local_x" v="-60.5908"/>
    <tag k="local_y" v="309.7192"/>
    <tag k="ele" v="-1.0858"/>
  </node>
  <node id="617" lat="40.64670447470" lon="28.18291938173">
    <tag k="local_x" v="15.7375"/>
    <tag k="local_y" v="211.6975"/>
    <tag k="ele" v="6.2457"/>
  </node>
  <node id="618" lat="40.64671052025" lon="28.18291911418">
    <tag k="local_x" v="15.7059"/>
    <tag k="local_y" v="212.3683"/>
    <tag k="ele" v="5.9241"/>
  </node>
  <node id="619" lat="40.64671464137" lon="28.18291909523">
    <tag k="local_x" v="15.6981"/>
    <tag k="local_y" v="212.8257"/>
    <tag k="ele" v="5.6025"/>
  </node>
  <node id="620" lat="40.64671876754" lon="28.18291904055">
    <tag k="local_x" v="15.6873"/>
    <tag k="local_y" v="213.2837"/>
    <tag k="ele" v="5.2808"/>
  </node>
  <node id="621" lat="40.64672289584" lon="28.18291896824">
    <tag k="local_x" v="15.6751"/>
    <tag k="local_y" v="213.7419"/>
    <tag k="ele" v="4.9591"/>
  </node>
  <node id="622" lat="40.64672702125" lon="28.18291889592">
    <tag k="local_x" v="15.6628"/>
    <tag k="local_y" v="214.1997"/>
    <tag k="ele" v="4.6374"/>
  </node>
  <node id="623" lat="40.64673114554" lon="28.18291882237">
    <tag k="local_x" v="15.6504"/>
    <tag k="local_y" v="214.6575"/>
    <tag k="ele" v="4.3157"/>
  </node>
  <node id="624" lat="40.64673527108" lon="28.18291872996">
    <tag k="local_x" v="15.6364"/>
    <tag k="local_y" v="215.1153"/>
    <tag k="ele" v="3.994"/>
  </node>
  <node id="625" lat="40.64673939788" lon="28.18291859077">
    <tag k="local_x" v="15.6185"/>
    <tag k="local_y" v="215.5733"/>
    <tag k="ele" v="3.6724"/>
  </node>
  <node id="626" lat="40.64674352680" lon="28.18291845278">
    <tag k="local_x" v="15.6007"/>
    <tag k="local_y" v="216.0315"/>
    <tag k="ele" v="3.3507"/>
  </node>
  <node id="627" lat="40.64674765056" lon="28.18291831359">
    <tag k="local_x" v="15.5827"/>
    <tag k="local_y" v="216.4891"/>
    <tag k="ele" v="3.029"/>
  </node>
  <node id="628" lat="40.64675177737" lon="28.18291817439">
    <tag k="local_x" v="15.5648"/>
    <tag k="local_y" v="216.9470"/>
    <tag k="ele" v="2.7073"/>
  </node>
  <node id="629" lat="40.64675590600" lon="28.18291796898">
    <tag k="local_x" v="15.5413"/>
    <tag k="local_y" v="217.4051"/>
    <tag k="ele" v="2.3857"/>
  </node>
  <node id="630" lat="40.64676003112" lon="28.18291775650">
    <tag k="local_x" v="15.5172"/>
    <tag k="local_y" v="217.8627"/>
    <tag k="ele" v="2.064"/>
  </node>
  <node id="631" lat="40.64676415988" lon="28.18291754529">
    <tag k="local_x" v="15.4931"/>
    <tag k="local_y" v="218.3208"/>
    <tag k="ele" v="1.7423"/>
  </node>
  <node id="632" lat="40.64676828492" lon="28.18291733279">
    <tag k="local_x" v="15.4690"/>
    <tag k="local_y" v="218.7785"/>
    <tag k="ele" v="1.4206"/>
  </node>
  <node id="633" lat="40.64677241259" lon="28.18291707882">
    <tag k="local_x" v="15.4414"/>
    <tag k="local_y" v="219.2364"/>
    <tag k="ele" v="1.099"/>
  </node>
  <node id="634" lat="40.64677653960" lon="28.18291679142">
    <tag k="local_x" v="15.4109"/>
    <tag k="local_y" v="219.6942"/>
    <tag k="ele" v="0.7773"/>
  </node>
  <node id="635" lat="40.64678066753" lon="28.18291650398">
    <tag k="local_x" v="15.3804"/>
    <tag k="local_y" v="220.1521"/>
    <tag k="ele" v="0.4556"/>
  </node>
  <node id="636" lat="40.64678479713" lon="28.18291621780">
    <tag k="local_x" v="15.3501"/>
    <tag k="local_y" v="220.6102"/>
    <tag k="ele" v="0.1339"/>
  </node>
  <node id="637" lat="40.64678892521" lon="28.18291591857">
    <tag k="local_x" v="15.3186"/>
    <tag k="local_y" v="221.0681"/>
    <tag k="ele" v="-0.1877"/>
  </node>
  <node id="638" lat="40.64679305100" lon="28.18291556158">
    <tag k="local_x" v="15.2823"/>
    <tag k="local_y" v="221.5257"/>
    <tag k="ele" v="-0.5094"/>
  </node>
  <node id="639" lat="40.64679717945" lon="28.18291520460">
    <tag k="local_x" v="15.2459"/>
    <tag k="local_y" v="221.9835"/>
    <tag k="ele" v="-0.8311"/>
  </node>
  <node id="640" lat="40.64680130698" lon="28.18291484771">
    <tag k="local_x" v="15.2096"/>
    <tag k="local_y" v="222.4413"/>
    <tag k="ele" v="-1.1528"/>
  </node>
  <node id="641" lat="40.64680543362" lon="28.18291449089">
    <tag k="local_x" v="15.1733"/>
    <tag k="local_y" v="222.8990"/>
    <tag k="ele" v="-1.4743"/>
  </node>
  <node id="642" lat="40.64680952322" lon="28.18291409180">
    <tag k="local_x" v="15.1334"/>
    <tag k="local_y" v="223.3525"/>
    <tag k="ele" v="-1.7962"/>
  </node>
  <node id="643" lat="40.64681357572" lon="28.18291367403">
    <tag k="local_x" v="15.0920"/>
    <tag k="local_y" v="223.8019"/>
    <tag k="ele" v="-2.1544"/>
  </node>
  <node id="644" lat="40.64681829650" lon="28.18291325754">
    <tag k="local_x" v="15.0498"/>
    <tag k="local_y" v="224.3255"/>
    <tag k="ele" v="-2.3611"/>
  </node>
  <node id="645" lat="40.64682346148" lon="28.18291285389">
    <tag k="local_x" v="15.0079"/>
    <tag k="local_y" v="224.8983"/>
    <tag k="ele" v="-2.3916"/>
  </node>
  <node id="646" lat="40.64682851978" lon="28.18291241879">
    <tag k="local_x" v="14.9636"/>
    <tag k="local_y" v="225.4594"/>
    <tag k="ele" v="-2.4045"/>
  </node>
  <node id="647" lat="40.64683359368" lon="28.18291198037">
    <tag k="local_x" v="14.9189"/>
    <tag k="local_y" v="226.0221"/>
    <tag k="ele" v="-2.3987"/>
  </node>
  <node id="648" lat="40.64683863988" lon="28.18291153989">
    <tag k="local_x" v="14.8742"/>
    <tag k="local_y" v="226.5818"/>
    <tag k="ele" v="-2.3997"/>
  </node>
  <node id="649" lat="40.64684369140" lon="28.18291109775">
    <tag k="local_x" v="14.8292"/>
    <tag k="local_y" v="227.1420"/>
    <tag k="ele" v="-2.4008"/>
  </node>
  <node id="650" lat="40.64684874305" lon="28.18291064964">
    <tag k="local_x" v="14.7838"/>
    <tag k="local_y" v="227.7023"/>
    <tag k="ele" v="-2.4019"/>
  </node>
  <node id="651" lat="40.64685379469" lon="28.18291020153">
    <tag k="local_x" v="14.7384"/>
    <tag k="local_y" v="228.2625"/>
    <tag k="ele" v="-2.4029"/>
  </node>
  <node id="652" lat="40.64685884633" lon="28.18290975341">
    <tag k="local_x" v="14.6929"/>
    <tag k="local_y" v="228.8228"/>
    <tag k="ele" v="-2.404"/>
  </node>
  <node id="653" lat="40.64686389759" lon="28.18290932483">
    <tag k="local_x" v="14.6492"/>
    <tag k="local_y" v="229.3830"/>
    <tag k="ele" v="-2.4051"/>
  </node>
  <node id="654" lat="40.64686894525" lon="28.18290890494">
    <tag k="local_x" v="14.6061"/>
    <tag k="local_y" v="229.9429"/>
    <tag k="ele" v="-2.4062"/>
  </node>
  <node id="655" lat="40.64687399973" lon="28.18290848646">
    <tag k="local_x" v="14.5632"/>
    <tag k="local_y" v="230.5035"/>
    <tag k="ele" v="-2.4072"/>
  </node>
  <node id="656" lat="40.64687905067" lon="28.18290807360">
    <tag k="local_x" v="14.5207"/>
    <tag k="local_y" v="231.0637"/>
    <tag k="ele" v="-2.4083"/>
  </node>
  <node id="657" lat="40.64688410045" lon="28.18290772016">
    <tag k="local_x" v="14.4833"/>
    <tag k="local_y" v="231.6238"/>
    <tag k="ele" v="-2.4094"/>
  </node>
  <node id="658" lat="40.64688915022" lon="28.18290736672">
    <tag k="local_x" v="14.4459"/>
    <tag k="local_y" v="232.1840"/>
    <tag k="ele" v="-2.4104"/>
  </node>
  <node id="659" lat="40.64689419999" lon="28.18290701329">
    <tag k="local_x" v="14.4085"/>
    <tag k="local_y" v="232.7441"/>
    <tag k="ele" v="-2.4115"/>
  </node>
  <node id="660" lat="40.64689924881" lon="28.18290670803">
    <tag k="local_x" v="14.3751"/>
    <tag k="local_y" v="233.3042"/>
    <tag k="ele" v="-2.4126"/>
  </node>
  <node id="661" lat="40.64690429588" lon="28.18290644831">
    <tag k="local_x" v="14.3456"/>
    <tag k="local_y" v="233.8642"/>
    <tag k="ele" v="-2.4137"/>
  </node>
  <node id="662" lat="40.64690938502" lon="28.18290620162">
    <tag k="local_x" v="14.3172"/>
    <tag k="local_y" v="234.4289"/>
    <tag k="ele" v="-2.4186"/>
  </node>
  <node id="663" lat="40.64691435491" lon="28.18290592718">
    <tag k="local_x" v="14.2865"/>
    <tag k="local_y" v="234.9802"/>
    <tag k="ele" v="-2.4158"/>
  </node>
  <node id="664" lat="40.64691906865" lon="28.18290566040">
    <tag k="local_x" v="14.2569"/>
    <tag k="local_y" v="235.5032"/>
    <tag k="ele" v="-2.3819"/>
  </node>
  <node id="665" lat="40.64692395427" lon="28.18290536610">
    <tag k="local_x" v="14.2248"/>
    <tag k="local_y" v="236.0452"/>
    <tag k="ele" v="-2.3348"/>
  </node>
  <node id="666" lat="40.64692890154" lon="28.18290505304">
    <tag k="local_x" v="14.1909"/>
    <tag k="local_y" v="236.5940"/>
    <tag k="ele" v="-2.2805"/>
  </node>
  <node id="667" lat="40.64693391424" lon="28.18290478030">
    <tag k="local_x" v="14.1604"/>
    <tag k="local_y" v="237.1501"/>
    <tag k="ele" v="-2.2259"/>
  </node>
  <node id="668" lat="40.64693894055" lon="28.18290458515">
    <tag k="local_x" v="14.1364"/>
    <tag k="local_y" v="237.7079"/>
    <tag k="ele" v="-2.172"/>
  </node>
  <node id="669" lat="40.64694395411" lon="28.18290438881">
    <tag k="local_x" v="14.1123"/>
    <tag k="local_y" v="238.2642"/>
    <tag k="ele" v="-2.1181"/>
  </node>
  <node id="670" lat="40.64694897620" lon="28.18290419367">
    <tag k="local_x" v="14.0883"/>
    <tag k="local_y" v="238.8214"/>
    <tag k="ele" v="-2.0643"/>
  </node>
  <node id="671" lat="40.64695398966" lon="28.18290408184">
    <tag k="local_x" v="14.0713"/>
    <tag k="local_y" v="239.3778"/>
    <tag k="ele" v="-2.0105"/>
  </node>
  <node id="672" lat="40.64695901171" lon="28.18290399736">
    <tag k="local_x" v="14.0567"/>
    <tag k="local_y" v="239.9352"/>
    <tag k="ele" v="-1.9567"/>
  </node>
  <node id="673" lat="40.64696402606" lon="28.18290391168">
    <tag k="local_x" v="14.0420"/>
    <tag k="local_y" v="240.4918"/>
    <tag k="ele" v="-1.9028"/>
  </node>
  <node id="674" lat="40.64696904807" lon="28.18290384385">
    <tag k="local_x" v="14.0287"/>
    <tag k="local_y" v="241.0492"/>
    <tag k="ele" v="-1.849"/>
  </node>
  <node id="675" lat="40.64697406574" lon="28.18290385541">
    <tag k="local_x" v="14.0222"/>
    <tag k="local_y" v="241.6062"/>
    <tag k="ele" v="-1.7952"/>
  </node>
  <node id="676" lat="40.64697908339" lon="28.18290386696">
    <tag k="local_x" v="14.0157"/>
    <tag k="local_y" v="242.1632"/>
    <tag k="ele" v="-1.7413"/>
  </node>
  <node id="677" lat="40.64698410105" lon="28.18290387850">
    <tag k="local_x" v="14.0092"/>
    <tag k="local_y" v="242.7202"/>
    <tag k="ele" v="-1.6875"/>
  </node>
  <node id="678" lat="40.64698911434" lon="28.18290393309">
    <tag k="local_x" v="14.0063"/>
    <tag k="local_y" v="243.2767"/>
    <tag k="ele" v="-1.6336"/>
  </node>
  <node id="679" lat="40.64699413628" lon="28.18290402049">
    <tag k="local_x" v="14.0062"/>
    <tag k="local_y" v="243.8343"/>
    <tag k="ele" v="-1.5798"/>
  </node>
  <node id="680" lat="40.64699914957" lon="28.18290410671">
    <tag k="local_x" v="14.0060"/>
    <tag k="local_y" v="244.3909"/>
    <tag k="ele" v="-1.526"/>
  </node>
  <node id="681" lat="40.64700417149" lon="28.18290419411">
    <tag k="local_x" v="14.0059"/>
    <tag k="local_y" v="244.9485"/>
    <tag k="ele" v="-1.4721"/>
  </node>
  <node id="682" lat="40.64700918571" lon="28.18290433317">
    <tag k="local_x" v="14.0102"/>
    <tag k="local_y" v="245.5052"/>
    <tag k="ele" v="-1.4183"/>
  </node>
  <node id="683" lat="40.64701420751" lon="28.18290447377">
    <tag k="local_x" v="14.0146"/>
    <tag k="local_y" v="246.0629"/>
    <tag k="ele" v="-1.3645"/>
  </node>
  <node id="684" lat="40.64701922506" lon="28.18290461436">
    <tag k="local_x" v="14.0190"/>
    <tag k="local_y" v="246.6200"/>
    <tag k="ele" v="-1.3106"/>
  </node>
  <node id="685" lat="40.64702424262" lon="28.18290476746">
    <tag k="local_x" v="14.0244"/>
    <tag k="local_y" v="247.1771"/>
    <tag k="ele" v="-1.2567"/>
  </node>
  <node id="686" lat="40.64702926015" lon="28.18290493908">
    <tag k="local_x" v="14.0314"/>
    <tag k="local_y" v="247.7343"/>
    <tag k="ele" v="-1.2029"/>
  </node>
  <node id="687" lat="40.64703427349" lon="28.18290510952">
    <tag k="local_x" v="14.0384"/>
    <tag k="local_y" v="248.2910"/>
    <tag k="ele" v="-1.1491"/>
  </node>
  <node id="688" lat="40.64703929521" lon="28.18290528115">
    <tag k="local_x" v="14.0454"/>
    <tag k="local_y" v="248.8487"/>
    <tag k="ele" v="-1.0953"/>
  </node>
  <node id="689" lat="40.64704430861" lon="28.18290546098">
    <tag k="local_x" v="14.0531"/>
    <tag k="local_y" v="249.4054"/>
    <tag k="ele" v="-1.0414"/>
  </node>
  <node id="690" lat="40.64704933028" lon="28.18290564418">
    <tag k="local_x" v="14.0611"/>
    <tag k="local_y" v="249.9630"/>
    <tag k="ele" v="-0.9876"/>
  </node>
  <node id="691" lat="40.64705434466" lon="28.18290582623">
    <tag k="local_x" v="14.0690"/>
    <tag k="local_y" v="250.5199"/>
    <tag k="ele" v="-0.9338"/>
  </node>
  <node id="692" lat="40.64705936623" lon="28.18290600865">
    <tag k="local_x" v="14.0769"/>
    <tag k="local_y" v="251.0775"/>
    <tag k="ele" v="-0.8799"/>
  </node>
  <node id="693" lat="40.64706438375" lon="28.18290618829">
    <tag k="local_x" v="14.0846"/>
    <tag k="local_y" v="251.6347"/>
    <tag k="ele" v="-0.826"/>
  </node>
  <node id="694" lat="40.64706940128" lon="28.18290636795">
    <tag k="local_x" v="14.0923"/>
    <tag k="local_y" v="252.1919"/>
    <tag k="ele" v="-0.7722"/>
  </node>
  <node id="695" lat="40.64707441881" lon="28.18290654759">
    <tag k="local_x" v="14.1000"/>
    <tag k="local_y" v="252.7490"/>
    <tag k="ele" v="-0.7184"/>
  </node>
  <node id="696" lat="40.64707943237" lon="28.18290671775">
    <tag k="local_x" v="14.1069"/>
    <tag k="local_y" v="253.3058"/>
    <tag k="ele" v="-0.6646"/>
  </node>
  <node id="697" lat="40.64708445388" lon="28.18290688426">
    <tag k="local_x" v="14.1135"/>
    <tag k="local_y" v="253.8634"/>
    <tag k="ele" v="-0.6107"/>
  </node>
  <node id="698" lat="40.64708946654" lon="28.18290704953">
    <tag k="local_x" v="14.1200"/>
    <tag k="local_y" v="254.4200"/>
    <tag k="ele" v="-0.5569"/>
  </node>
  <node id="699" lat="40.64709449894" lon="28.18290721986">
    <tag k="local_x" v="14.1269"/>
    <tag k="local_y" v="254.9788"/>
    <tag k="ele" v="-0.4985"/>
  </node>
  <node id="700" lat="40.64709951529" lon="28.18290736903">
    <tag k="local_x" v="14.1320"/>
    <tag k="local_y" v="255.5358"/>
    <tag k="ele" v="-0.4436"/>
  </node>
  <node id="701" lat="40.64710436529" lon="28.18290746341">
    <tag k="local_x" v="14.1327"/>
    <tag k="local_y" v="256.0743"/>
    <tag k="ele" v="-0.4414"/>
  </node>
  <node id="702" lat="40.64710926553" lon="28.18290751856">
    <tag k="local_x" v="14.1301"/>
    <tag k="local_y" v="256.6184"/>
    <tag k="ele" v="-0.476"/>
  </node>
  <node id="703" lat="40.64711416386" lon="28.18290753175">
    <tag k="local_x" v="14.1239"/>
    <tag k="local_y" v="257.1621"/>
    <tag k="ele" v="-0.5413"/>
  </node>
  <node id="704" lat="40.64711913589" lon="28.18290752478">
    <tag k="local_x" v="14.1159"/>
    <tag k="local_y" v="257.7140"/>
    <tag k="ele" v="-0.614"/>
  </node>
  <node id="705" lat="40.64712416025" lon="28.18290752268">
    <tag k="local_x" v="14.1082"/>
    <tag k="local_y" v="258.2718"/>
    <tag k="ele" v="-0.6825"/>
  </node>
  <node id="706" lat="40.64712916380" lon="28.18290752107">
    <tag k="local_x" v="14.1006"/>
    <tag k="local_y" v="258.8272"/>
    <tag k="ele" v="-0.7509"/>
  </node>
  <node id="707" lat="40.64713416455" lon="28.18290750631">
    <tag k="local_x" v="14.0919"/>
    <tag k="local_y" v="259.3823"/>
    <tag k="ele" v="-0.8194"/>
  </node>
  <node id="708" lat="40.64713917270" lon="28.18290749052">
    <tag k="local_x" v="14.0830"/>
    <tag k="local_y" v="259.9382"/>
    <tag k="ele" v="-0.8878"/>
  </node>
  <node id="709" lat="40.64714417230" lon="28.18290747370">
    <tag k="local_x" v="14.0742"/>
    <tag k="local_y" v="260.4932"/>
    <tag k="ele" v="-0.9563"/>
  </node>
  <node id="710" lat="40.64714917949" lon="28.18290745606">
    <tag k="local_x" v="14.0652"/>
    <tag k="local_y" v="261.0490"/>
    <tag k="ele" v="-1.0248"/>
  </node>
  <node id="711" lat="40.64715418388" lon="28.18290743329">
    <tag k="local_x" v="14.0558"/>
    <tag k="local_y" v="261.6045"/>
    <tag k="ele" v="-1.0933"/>
  </node>
  <node id="712" lat="40.64715918445" lon="28.18290740943">
    <tag k="local_x" v="14.0463"/>
    <tag k="local_y" v="262.1595"/>
    <tag k="ele" v="-1.1617"/>
  </node>
  <node id="713" lat="40.64716418772" lon="28.18290738544">
    <tag k="local_x" v="14.0368"/>
    <tag k="local_y" v="262.7149"/>
    <tag k="ele" v="-1.2302"/>
  </node>
  <node id="714" lat="40.64716919581" lon="28.18290736375">
    <tag k="local_x" v="14.0275"/>
    <tag k="local_y" v="263.2708"/>
    <tag k="ele" v="-1.2986"/>
  </node>
  <node id="715" lat="40.64717419908" lon="28.18290734273">
    <tag k="local_x" v="14.0183"/>
    <tag k="local_y" v="263.8262"/>
    <tag k="ele" v="-1.3671"/>
  </node>
  <node id="716" lat="40.64717919986" lon="28.18290732064">
    <tag k="local_x" v="14.0089"/>
    <tag k="local_y" v="264.3813"/>
    <tag k="ele" v="-1.4356"/>
  </node>
  <node id="717" lat="40.64718420679" lon="28.18290730011">
    <tag k="local_x" v="13.9997"/>
    <tag k="local_y" v="264.9371"/>
    <tag k="ele" v="-1.5041"/>
  </node>
  <node id="718" lat="40.64718921136" lon="28.18290728992">
    <tag k="local_x" v="13.9914"/>
    <tag k="local_y" v="265.4926"/>
    <tag k="ele" v="-1.5725"/>
  </node>
  <node id="719" lat="40.64719421119" lon="28.18290727860">
    <tag k="local_x" v="13.9829"/>
    <tag k="local_y" v="266.0476"/>
    <tag k="ele" v="-1.641"/>
  </node>
  <node id="720" lat="40.64719921937" lon="28.18290726831">
    <tag k="local_x" v="13.9746"/>
    <tag k="local_y" v="266.6035"/>
    <tag k="ele" v="-1.7094"/>
  </node>
  <node id="721" lat="40.64720421934" lon="28.18290726453">
    <tag k="local_x" v="13.9668"/>
    <tag k="local_y" v="267.1585"/>
    <tag k="ele" v="-1.7779"/>
  </node>
  <node id="722" lat="40.64720922771" lon="28.18290727088">
    <tag k="local_x" v="13.9599"/>
    <tag k="local_y" v="267.7145"/>
    <tag k="ele" v="-1.8463"/>
  </node>
  <node id="723" lat="40.64721422786" lon="28.18290727619">
    <tag k="local_x" v="13.9529"/>
    <tag k="local_y" v="268.2696"/>
    <tag k="ele" v="-1.9148"/>
  </node>
  <node id="724" lat="40.64721923620" lon="28.18290728255">
    <tag k="local_x" v="13.9459"/>
    <tag k="local_y" v="268.8255"/>
    <tag k="ele" v="-1.9833"/>
  </node>
  <node id="725" lat="40.64722423660" lon="28.18290730218">
    <tag k="local_x" v="13.9401"/>
    <tag k="local_y" v="269.3806"/>
    <tag k="ele" v="-2.0518"/>
  </node>
  <node id="726" lat="40.64722934720" lon="28.18290735849">
    <tag k="local_x" v="13.9372"/>
    <tag k="local_y" v="269.9480"/>
    <tag k="ele" v="-2.1225"/>
  </node>
  <node id="727" lat="40.64723403611" lon="28.18290731676">
    <tag k="local_x" v="13.9267"/>
    <tag k="local_y" v="270.4684"/>
    <tag k="ele" v="-2.1861"/>
  </node>
  <node id="728" lat="40.64723853231" lon="28.18290711966">
    <tag k="local_x" v="13.9033"/>
    <tag k="local_y" v="270.9673"/>
    <tag k="ele" v="-2.2382"/>
  </node>
  <node id="729" lat="40.64724287570" lon="28.18290673229">
    <tag k="local_x" v="13.8641"/>
    <tag k="local_y" v="271.4490"/>
    <tag k="ele" v="-2.2761"/>
  </node>
  <node id="730" lat="40.64724723954" lon="28.18290614549">
    <tag k="local_x" v="13.8080"/>
    <tag k="local_y" v="271.9328"/>
    <tag k="ele" v="-2.3001"/>
  </node>
  <node id="731" lat="40.64725211062" lon="28.18290544006">
    <tag k="local_x" v="13.7410"/>
    <tag k="local_y" v="272.4727"/>
    <tag k="ele" v="-2.3217"/>
  </node>
  <node id="732" lat="40.64725702716" lon="28.18290469236">
    <tag k="local_x" v="13.6705"/>
    <tag k="local_y" v="273.0176"/>
    <tag k="ele" v="-2.3406"/>
  </node>
  <node id="733" lat="40.64726210108" lon="28.18290393875">
    <tag k="local_x" v="13.5992"/>
    <tag k="local_y" v="273.5800"/>
    <tag k="ele" v="-2.3597"/>
  </node>
  <node id="734" lat="40.64726733607" lon="28.18290323807">
    <tag k="local_x" v="13.5321"/>
    <tag k="local_y" v="274.1603"/>
    <tag k="ele" v="-2.3739"/>
  </node>
  <node id="735" lat="40.64727276178" lon="28.18290265716">
    <tag k="local_x" v="13.4749"/>
    <tag k="local_y" v="274.7619"/>
    <tag k="ele" v="-2.3791"/>
  </node>
  <node id="736" lat="40.64727792749" lon="28.18290214763">
    <tag k="local_x" v="13.4241"/>
    <tag k="local_y" v="275.3348"/>
    <tag k="ele" v="-2.3812"/>
  </node>
  <node id="737" lat="40.64728304546" lon="28.18290167727">
    <tag k="local_x" v="13.3767"/>
    <tag k="local_y" v="275.9024"/>
    <tag k="ele" v="-2.3813"/>
  </node>
  <node id="738" lat="40.64728808189" lon="28.18290121916">
    <tag k="local_x" v="13.3305"/>
    <tag k="local_y" v="276.4609"/>
    <tag k="ele" v="-2.3819"/>
  </node>
  <node id="739" lat="40.64729308517" lon="28.18290073321">
    <tag k="local_x" v="13.2819"/>
    <tag k="local_y" v="277.0158"/>
    <tag k="ele" v="-2.3824"/>
  </node>
  <node id="740" lat="40.64729797316" lon="28.18290019130">
    <tag k="local_x" v="13.2288"/>
    <tag k="local_y" v="277.5577"/>
    <tag k="ele" v="-2.381"/>
  </node>
  <node id="741" lat="40.64730285364" lon="28.18289959930">
    <tag k="local_x" v="13.1714"/>
    <tag k="local_y" v="278.0988"/>
    <tag k="ele" v="-2.3778"/>
  </node>
  <node id="742" lat="40.64730767927" lon="28.18289894604">
    <tag k="local_x" v="13.1090"/>
    <tag k="local_y" v="278.6338"/>
    <tag k="ele" v="-2.3719"/>
  </node>
  <node id="743" lat="40.64731264017" lon="28.18289819740">
    <tag k="local_x" v="13.0383"/>
    <tag k="local_y" v="279.1836"/>
    <tag k="ele" v="-2.3654"/>
  </node>
  <node id="744" lat="40.64731765102" lon="28.18289743929">
    <tag k="local_x" v="12.9667"/>
    <tag k="local_y" v="279.7390"/>
    <tag k="ele" v="-2.3589"/>
  </node>
  <node id="745" lat="40.64732265876" lon="28.18289668167">
    <tag k="local_x" v="12.8952"/>
    <tag k="local_y" v="280.2940"/>
    <tag k="ele" v="-2.3523"/>
  </node>
  <node id="746" lat="40.64732766695" lon="28.18289589587">
    <tag k="local_x" v="12.8213"/>
    <tag k="local_y" v="280.8491"/>
    <tag k="ele" v="-2.3458"/>
  </node>
  <node id="747" lat="40.64733266155" lon="28.18289506191">
    <tag k="local_x" v="12.7433"/>
    <tag k="local_y" v="281.4025"/>
    <tag k="ele" v="-2.3405"/>
  </node>
  <node id="748" lat="40.64733765305" lon="28.18289422491">
    <tag k="local_x" v="12.6651"/>
    <tag k="local_y" v="281.9557"/>
    <tag k="ele" v="-2.3367"/>
  </node>
  <node id="749" lat="40.64734264013" lon="28.18289338373">
    <tag k="local_x" v="12.5865"/>
    <tag k="local_y" v="282.5083"/>
    <tag k="ele" v="-2.3355"/>
  </node>
  <node id="750" lat="40.64734763180" lon="28.18289246961">
    <tag k="local_x" v="12.5018"/>
    <tag k="local_y" v="283.0614"/>
    <tag k="ele" v="-2.3354"/>
  </node>
  <node id="751" lat="40.64735262327" lon="28.18289153821">
    <tag k="local_x" v="12.4156"/>
    <tag k="local_y" v="283.6144"/>
    <tag k="ele" v="-2.3355"/>
  </node>
  <node id="752" lat="40.64735761832" lon="28.18289060743">
    <tag k="local_x" v="12.3294"/>
    <tag k="local_y" v="284.1678"/>
    <tag k="ele" v="-2.3357"/>
  </node>
  <node id="753" lat="40.64736261147" lon="28.18288965695">
    <tag k="local_x" v="12.2416"/>
    <tag k="local_y" v="284.7210"/>
    <tag k="ele" v="-2.3359"/>
  </node>
  <node id="754" lat="40.64736753467" lon="28.18288862599">
    <tag k="local_x" v="12.1471"/>
    <tag k="local_y" v="285.2664"/>
    <tag k="ele" v="-2.3353"/>
  </node>
  <node id="755" lat="40.64737242342" lon="28.18288756856">
    <tag k="local_x" v="12.0504"/>
    <tag k="local_y" v="285.8078"/>
    <tag k="ele" v="-2.3336"/>
  </node>
  <node id="756" lat="40.64737720734" lon="28.18288646301">
    <tag k="local_x" v="11.9497"/>
    <tag k="local_y" v="286.3376"/>
    <tag k="ele" v="-2.3293"/>
  </node>
  <node id="757" lat="40.64738205055" lon="28.18288525272">
    <tag k="local_x" v="11.8402"/>
    <tag k="local_y" v="286.8739"/>
    <tag k="ele" v="-2.3234"/>
  </node>
  <node id="758" lat="40.64738690918" lon="28.18288397935">
    <tag k="local_x" v="11.7253"/>
    <tag k="local_y" v="287.4118"/>
    <tag k="ele" v="-2.3164"/>
  </node>
  <node id="759" lat="40.64739184732" lon="28.18288268684">
    <tag k="local_x" v="11.6086"/>
    <tag k="local_y" v="287.9585"/>
    <tag k="ele" v="-2.3092"/>
  </node>
  <node id="760" lat="40.64739681049" lon="28.18288138920">
    <tag k="local_x" v="11.4915"/>
    <tag k="local_y" v="288.5079"/>
    <tag k="ele" v="-2.3021"/>
  </node>
  <node id="761" lat="40.64740177564" lon="28.18288004359">
    <tag k="local_x" v="11.3703"/>
    <tag k="local_y" v="289.0576"/>
    <tag k="ele" v="-2.2949"/>
  </node>
  <node id="762" lat="40.64740669378" lon="28.18287869879">
    <tag k="local_x" v="11.2492"/>
    <tag k="local_y" v="289.6020"/>
    <tag k="ele" v="-2.2879"/>
  </node>
  <node id="763" lat="40.64741137080" lon="28.18287731899">
    <tag k="local_x" v="11.1256"/>
    <tag k="local_y" v="290.1196"/>
    <tag k="ele" v="-2.2826"/>
  </node>
  <node id="764" lat="40.64741603537" lon="28.18287585083">
    <tag k="local_x" v="10.9945"/>
    <tag k="local_y" v="290.6357"/>
    <tag k="ele" v="-2.2789"/>
  </node>
  <node id="765" lat="40.64742057555" lon="28.18287428968">
    <tag k="local_x" v="10.8557"/>
    <tag k="local_y" v="291.1379"/>
    <tag k="ele" v="-2.2777"/>
  </node>
  <node id="766" lat="40.64742535909" lon="28.18287263757">
    <tag k="local_x" v="10.7089"/>
    <tag k="local_y" v="291.6671"/>
    <tag k="ele" v="-2.2771"/>
  </node>
  <node id="767" lat="40.64743022970" lon="28.18287095823">
    <tag k="local_x" v="10.5596"/>
    <tag k="local_y" v="292.2058"/>
    <tag k="ele" v="-2.2767"/>
  </node>
  <node id="768" lat="40.64743511968" lon="28.18286929343">
    <tag k="local_x" v="10.4116"/>
    <tag k="local_y" v="292.7467"/>
    <tag k="ele" v="-2.2763"/>
  </node>
  <node id="769" lat="40.64744001073" lon="28.18286763079">
    <tag k="local_x" v="10.2637"/>
    <tag k="local_y" v="293.2878"/>
    <tag k="ele" v="-2.2757"/>
  </node>
  <node id="770" lat="40.64744490913" lon="28.18286596897">
    <tag k="local_x" v="10.1159"/>
    <tag k="local_y" v="293.8297"/>
    <tag k="ele" v="-2.2753"/>
  </node>
  <node id="771" lat="40.64744978261" lon="28.18286433096">
    <tag k="local_x" v="9.9701"/>
    <tag k="local_y" v="294.3688"/>
    <tag k="ele" v="-2.2747"/>
  </node>
  <node id="772" lat="40.64745480650" lon="28.18286272923">
    <tag k="local_x" v="9.8272"/>
    <tag k="local_y" v="294.9246"/>
    <tag k="ele" v="-2.2749"/>
  </node>
  <node id="773" lat="40.64745903939" lon="28.18286115289">
    <tag k="local_x" v="9.6876"/>
    <tag k="local_y" v="295.3927"/>
    <tag k="ele" v="-2.2714"/>
  </node>
  <node id="774" lat="40.64746266002" lon="28.18285945862">
    <tag k="local_x" v="9.5389"/>
    <tag k="local_y" v="295.7927"/>
    <tag k="ele" v="-2.2615"/>
  </node>
  <node id="775" lat="40.64746653027" lon="28.18285754887">
    <tag k="local_x" v="9.3716"/>
    <tag k="local_y" v="296.2202"/>
    <tag k="ele" v="-2.2462"/>
  </node>
  <node id="776" lat="40.64747039088" lon="28.18285545415">
    <tag k="local_x" v="9.1888"/>
    <tag k="local_y" v="296.6463"/>
    <tag k="ele" v="-2.2258"/>
  </node>
  <node id="777" lat="40.64747543427" lon="28.18285292750">
    <tag k="local_x" v="8.9676"/>
    <tag k="local_y" v="297.2033"/>
    <tag k="ele" v="-2.2066"/>
  </node>
  <node id="778" lat="40.64747975062" lon="28.18285064597">
    <tag k="local_x" v="8.7683"/>
    <tag k="local_y" v="297.6799"/>
    <tag k="ele" v="-2.1867"/>
  </node>
  <node id="779" lat="40.64748163647" lon="28.18284903568">
    <tag k="local_x" v="8.6293"/>
    <tag k="local_y" v="297.8874"/>
    <tag k="ele" v="-2.1611"/>
  </node>
  <node id="780" lat="40.64748471628" lon="28.18284650536">
    <tag k="local_x" v="8.4108"/>
    <tag k="local_y" v="298.2264"/>
    <tag k="ele" v="-2.1325"/>
  </node>
  <node id="781" lat="40.64748846884" lon="28.18284335472">
    <tag k="local_x" v="8.1388"/>
    <tag k="local_y" v="298.6393"/>
    <tag k="ele" v="-2.1013"/>
  </node>
  <node id="782" lat="40.64749234364" lon="28.18284006597">
    <tag k="local_x" v="7.8549"/>
    <tag k="local_y" v="299.0657"/>
    <tag k="ele" v="-2.072"/>
  </node>
  <node id="783" lat="40.64749633415" lon="28.18283664708">
    <tag k="local_x" v="7.5599"/>
    <tag k="local_y" v="299.5048"/>
    <tag k="ele" v="-2.0453"/>
  </node>
  <node id="784" lat="40.64749913586" lon="28.18283383067">
    <tag k="local_x" v="7.3176"/>
    <tag k="local_y" v="299.8126"/>
    <tag k="ele" v="-2.0285"/>
  </node>
  <node id="785" lat="40.64750208349" lon="28.18283059663">
    <tag k="local_x" v="7.0397"/>
    <tag k="local_y" v="300.1361"/>
    <tag k="ele" v="-2.0196"/>
  </node>
  <node id="786" lat="40.64760777970" lon="28.18204231506">
    <tag k="local_x" v="-59.7677"/>
    <tag k="local_y" v="310.9729"/>
    <tag k="ele" v="-1.0858"/>
  </node>
  <node id="788" lat="40.64750626118" lon="28.18282629628">
    <tag k="local_x" v="6.6699"/>
    <tag k="local_y" v="300.5950"/>
    <tag k="ele" v="-2.0089"/>
  </node>
  <node id="789" lat="40.64751024356" lon="28.18282220980">
    <tag k="local_x" v="6.3184"/>
    <tag k="local_y" v="301.0324"/>
    <tag k="ele" v="-1.998"/>
  </node>
  <node id="790" lat="40.64751452600" lon="28.18281792843">
    <tag k="local_x" v="5.9501"/>
    <tag k="local_y" v="301.5029"/>
    <tag k="ele" v="-1.9842"/>
  </node>
  <node id="791" lat="40.64751753145" lon="28.18281465721">
    <tag k="local_x" v="5.6690"/>
    <tag k="local_y" v="301.8328"/>
    <tag k="ele" v="-1.9807"/>
  </node>
  <node id="792" lat="40.64751981130" lon="28.18281175269">
    <tag k="local_x" v="5.4200"/>
    <tag k="local_y" v="302.0826"/>
    <tag k="ele" v="-1.9946"/>
  </node>
  <node id="793" lat="40.64752296013" lon="28.18280762255">
    <tag k="local_x" v="5.0661"/>
    <tag k="local_y" v="302.4275"/>
    <tag k="ele" v="-2.0141"/>
  </node>
  <node id="794" lat="40.64752613386" lon="28.18280329418">
    <tag k="local_x" v="4.6954"/>
    <tag k="local_y" v="302.7748"/>
    <tag k="ele" v="-2.0376"/>
  </node>
  <node id="795" lat="40.64752968792" lon="28.18279853102">
    <tag k="local_x" v="4.2874"/>
    <tag k="local_y" v="303.1639"/>
    <tag k="ele" v="-2.0574"/>
  </node>
  <node id="796" lat="40.64753304616" lon="28.18279397068">
    <tag k="local_x" v="3.8968"/>
    <tag k="local_y" v="303.5315"/>
    <tag k="ele" v="-2.0681"/>
  </node>
  <node id="797" lat="40.64753603088" lon="28.18278970646">
    <tag k="local_x" v="3.5318"/>
    <tag k="local_y" v="303.8580"/>
    <tag k="ele" v="-2.0547"/>
  </node>
  <node id="798" lat="40.64753918312" lon="28.18278509403">
    <tag k="local_x" v="3.1371"/>
    <tag k="local_y" v="304.2027"/>
    <tag k="ele" v="-2.03"/>
  </node>
  <node id="799" lat="40.64754239888" lon="28.18278035236">
    <tag k="local_x" v="2.7314"/>
    <tag k="local_y" v="304.5543"/>
    <tag k="ele" v="-1.9992"/>
  </node>
  <node id="800" lat="40.64754580762" lon="28.18277533887">
    <tag k="local_x" v="2.3024"/>
    <tag k="local_y" v="304.9270"/>
    <tag k="ele" v="-1.9664"/>
  </node>
  <node id="801" lat="40.64754924575" lon="28.18277032290">
    <tag k="local_x" v="1.8731"/>
    <tag k="local_y" v="305.3029"/>
    <tag k="ele" v="-1.9334"/>
  </node>
  <node id="802" lat="40.64755145554" lon="28.18276671226">
    <tag k="local_x" v="1.5646"/>
    <tag k="local_y" v="305.5441"/>
    <tag k="ele" v="-1.9225"/>
  </node>
  <node id="803" lat="40.64755363713" lon="28.18276270719">
    <tag k="local_x" v="1.2227"/>
    <tag k="local_y" v="305.7817"/>
    <tag k="ele" v="-1.9308"/>
  </node>
  <node id="804" lat="40.64755571577" lon="28.18275842458">
    <tag k="local_x" v="0.8575"/>
    <tag k="local_y" v="306.0076"/>
    <tag k="ele" v="-1.9559"/>
  </node>
  <node id="805" lat="40.64755807618" lon="28.18275329344">
    <tag k="local_x" v="0.4201"/>
    <tag k="local_y" v="306.2638"/>
    <tag k="ele" v="-1.9881"/>
  </node>
  <node id="806" lat="40.64756080955" lon="28.18274743339">
    <tag k="local_x" v="-0.0794"/>
    <tag k="local_y" v="306.5605"/>
    <tag k="ele" v="-2.0174"/>
  </node>
  <node id="807" lat="40.64756348230" lon="28.18274173207">
    <tag k="local_x" v="-0.5655"/>
    <tag k="local_y" v="306.8507"/>
    <tag k="ele" v="-2.0468"/>
  </node>
  <node id="808" lat="40.64756598991" lon="28.18273646161">
    <tag k="local_x" v="-1.0148"/>
    <tag k="local_y" v="307.1231"/>
    <tag k="ele" v="-2.0766"/>
  </node>
  <node id="809" lat="40.64756857967" lon="28.18273078444">
    <tag k="local_x" v="-1.4987"/>
    <tag k="local_y" v="307.4041"/>
    <tag k="ele" v="-2.1037"/>
  </node>
  <node id="810" lat="40.64757040177" lon="28.18272687043">
    <tag k="local_x" v="-1.8324"/>
    <tag k="local_y" v="307.6019"/>
    <tag k="ele" v="-2.1269"/>
  </node>
  <node id="811" lat="40.64757265174" lon="28.18272094446">
    <tag k="local_x" v="-2.3368"/>
    <tag k="local_y" v="307.8450"/>
    <tag k="ele" v="-2.14"/>
  </node>
  <node id="812" lat="40.64757422223" lon="28.18271623253">
    <tag k="local_x" v="-2.7375"/>
    <tag k="local_y" v="308.0139"/>
    <tag k="ele" v="-2.1433"/>
  </node>
  <node id="813" lat="40.64757535165" lon="28.18271187539">
    <tag k="local_x" v="-3.1076"/>
    <tag k="local_y" v="308.1343"/>
    <tag k="ele" v="-2.1342"/>
  </node>
  <node id="814" lat="40.64757675256" lon="28.18270605481">
    <tag k="local_x" v="-3.6018"/>
    <tag k="local_y" v="308.2832"/>
    <tag k="ele" v="-2.1217"/>
  </node>
  <node id="815" lat="40.64757825783" lon="28.18269972725">
    <tag k="local_x" v="-4.1391"/>
    <tag k="local_y" v="308.4431"/>
    <tag k="ele" v="-2.1092"/>
  </node>
  <node id="816" lat="40.64757974955" lon="28.18269339286">
    <tag k="local_x" v="-4.6769"/>
    <tag k="local_y" v="308.6015"/>
    <tag k="ele" v="-2.0968"/>
  </node>
  <node id="817" lat="40.64758122700" lon="28.18268704639">
    <tag k="local_x" v="-5.2157"/>
    <tag k="local_y" v="308.7583"/>
    <tag k="ele" v="-2.0844"/>
  </node>
  <node id="818" lat="40.64758270216" lon="28.18268071239">
    <tag k="local_x" v="-5.7534"/>
    <tag k="local_y" v="308.9149"/>
    <tag k="ele" v="-2.072"/>
  </node>
  <node id="819" lat="40.64758417700" lon="28.18267437919">
    <tag k="local_x" v="-6.2911"/>
    <tag k="local_y" v="309.0714"/>
    <tag k="ele" v="-2.0597"/>
  </node>
  <node id="820" lat="40.64758561438" lon="28.18266803237">
    <tag k="local_x" v="-6.8299"/>
    <tag k="local_y" v="309.2237"/>
    <tag k="ele" v="-2.0473"/>
  </node>
  <node id="821" lat="40.64758704627" lon="28.18266168452">
    <tag k="local_x" v="-7.3687"/>
    <tag k="local_y" v="309.3754"/>
    <tag k="ele" v="-2.0349"/>
  </node>
  <node id="822" lat="40.64758847684" lon="28.18265533979">
    <tag k="local_x" v="-7.9073"/>
    <tag k="local_y" v="309.5270"/>
    <tag k="ele" v="-2.0226"/>
  </node>
  <node id="823" lat="40.64758989638" lon="28.18264898362">
    <tag k="local_x" v="-8.4468"/>
    <tag k="local_y" v="309.6774"/>
    <tag k="ele" v="-2.0102"/>
  </node>
  <node id="824" lat="40.64759128730" lon="28.18264261671">
    <tag k="local_x" v="-8.9872"/>
    <tag k="local_y" v="309.8245"/>
    <tag k="ele" v="-1.9978"/>
  </node>
  <node id="825" lat="40.64759267550" lon="28.18263625798">
    <tag k="local_x" v="-9.5269"/>
    <tag k="local_y" v="309.9714"/>
    <tag k="ele" v="-1.9855"/>
  </node>
  <node id="826" lat="40.64759406313" lon="28.18262989854">
    <tag k="local_x" v="-10.0667"/>
    <tag k="local_y" v="310.1182"/>
    <tag k="ele" v="-1.9732"/>
  </node>
  <node id="827" lat="40.64759542750" lon="28.18262352370">
    <tag k="local_x" v="-10.6077"/>
    <tag k="local_y" v="310.2624"/>
    <tag k="ele" v="-1.9609"/>
  </node>
  <node id="828" lat="40.64759678197" lon="28.18261714850">
    <tag k="local_x" v="-11.1488"/>
    <tag k="local_y" v="310.4055"/>
    <tag k="ele" v="-1.9485"/>
  </node>
  <node id="829" lat="40.64759813660" lon="28.18261077357">
    <tag k="local_x" v="-11.6898"/>
    <tag k="local_y" v="310.5487"/>
    <tag k="ele" v="-1.9361"/>
  </node>
  <node id="830" lat="40.64759951244" lon="28.18260434478">
    <tag k="local_x" v="-12.2354"/>
    <tag k="local_y" v="310.6941"/>
    <tag k="ele" v="-1.9237"/>
  </node>
  <node id="831" lat="40.64760091546" lon="28.18259784554">
    <tag k="local_x" v="-12.7870"/>
    <tag k="local_y" v="310.8424"/>
    <tag k="ele" v="-1.911"/>
  </node>
  <node id="832" lat="40.64760177197" lon="28.18259264116">
    <tag k="local_x" v="-13.2284"/>
    <tag k="local_y" v="310.9316"/>
    <tag k="ele" v="-1.9002"/>
  </node>
  <node id="833" lat="40.64760242016" lon="28.18258728931">
    <tag k="local_x" v="-13.6818"/>
    <tag k="local_y" v="310.9975"/>
    <tag k="ele" v="-1.8912"/>
  </node>
  <node id="834" lat="40.64760302522" lon="28.18258131493">
    <tag k="local_x" v="-14.1879"/>
    <tag k="local_y" v="311.0578"/>
    <tag k="ele" v="-1.883"/>
  </node>
  <node id="835" lat="40.64760336062" lon="28.18257578878">
    <tag k="local_x" v="-14.6556"/>
    <tag k="local_y" v="311.0888"/>
    <tag k="ele" v="-1.8763"/>
  </node>
  <node id="836" lat="40.64760332653" lon="28.18257087372">
    <tag k="local_x" v="-15.0711"/>
    <tag k="local_y" v="311.0794"/>
    <tag k="ele" v="-1.8722"/>
  </node>
  <node id="837" lat="40.64760317555" lon="28.18256497193">
    <tag k="local_x" v="-15.5699"/>
    <tag k="local_y" v="311.0559"/>
    <tag k="ele" v="-1.8692"/>
  </node>
  <node id="838" lat="40.64760292802" lon="28.18255879994">
    <tag k="local_x" v="-16.0914"/>
    <tag k="local_y" v="311.0214"/>
    <tag k="ele" v="-1.8668"/>
  </node>
  <node id="839" lat="40.64760266624" lon="28.18255216640">
    <tag k="local_x" v="-16.6518"/>
    <tag k="local_y" v="310.9848"/>
    <tag k="ele" v="-1.8644"/>
  </node>
  <node id="840" lat="40.64760241286" lon="28.18254551893">
    <tag k="local_x" v="-17.2135"/>
    <tag k="local_y" v="310.9491"/>
    <tag k="ele" v="-1.8619"/>
  </node>
  <node id="841" lat="40.64760216872" lon="28.18253891024">
    <tag k="local_x" v="-17.7719"/>
    <tag k="local_y" v="310.9145"/>
    <tag k="ele" v="-1.8595"/>
  </node>
  <node id="842" lat="40.64760193488" lon="28.18253229874">
    <tag k="local_x" v="-18.3306"/>
    <tag k="local_y" v="310.8811"/>
    <tag k="ele" v="-1.8571"/>
  </node>
  <node id="843" lat="40.64760170177" lon="28.18252568187">
    <tag k="local_x" v="-18.8897"/>
    <tag k="local_y" v="310.8477"/>
    <tag k="ele" v="-1.8546"/>
  </node>
  <node id="844" lat="40.64760146884" lon="28.18251906895">
    <tag k="local_x" v="-19.4485"/>
    <tag k="local_y" v="310.8143"/>
    <tag k="ele" v="-1.8521"/>
  </node>
  <node id="845" lat="40.64760125838" lon="28.18251245558">
    <tag k="local_x" v="-20.0073"/>
    <tag k="local_y" v="310.7834"/>
    <tag k="ele" v="-1.8497"/>
  </node>
  <node id="846" lat="40.64760105081" lon="28.18250584370">
    <tag k="local_x" v="-20.5660"/>
    <tag k="local_y" v="310.7528"/>
    <tag k="ele" v="-1.8472"/>
  </node>
  <node id="847" lat="40.64760084373" lon="28.18249922940">
    <tag k="local_x" v="-21.1250"/>
    <tag k="local_y" v="310.7223"/>
    <tag k="ele" v="-1.8447"/>
  </node>
  <node id="848" lat="40.64760068967" lon="28.18249239043">
    <tag k="local_x" v="-21.7030"/>
    <tag k="local_y" v="310.6975"/>
    <tag k="ele" v="-1.8421"/>
  </node>
  <node id="849" lat="40.64760049449" lon="28.18248610696">
    <tag k="local_x" v="-22.2340"/>
    <tag k="local_y" v="310.6686"/>
    <tag k="ele" v="-1.8398"/>
  </node>
  <node id="850" lat="40.64759995571" lon="28.18248154954">
    <tag k="local_x" v="-22.6185"/>
    <tag k="local_y" v="310.6037"/>
    <tag k="ele" v="-1.8397"/>
  </node>
  <node id="851" lat="40.64759915416" lon="28.18247567945">
    <tag k="local_x" v="-23.1136"/>
    <tag k="local_y" v="310.5080"/>
    <tag k="ele" v="-1.8403"/>
  </node>
  <node id="852" lat="40.64759829607" lon="28.18246899280">
    <tag k="local_x" v="-23.6777"/>
    <tag k="local_y" v="310.4052"/>
    <tag k="ele" v="-1.8407"/>
  </node>
  <node id="853" lat="40.64759743360" lon="28.18246283201">
    <tag k="local_x" v="-24.1973"/>
    <tag k="local_y" v="310.3024"/>
    <tag k="ele" v="-1.8415"/>
  </node>
  <node id="854" lat="40.64759647566" lon="28.18245677661">
    <tag k="local_x" v="-24.7079"/>
    <tag k="local_y" v="310.1892"/>
    <tag k="ele" v="-1.8428"/>
  </node>
  <node id="855" lat="40.64759536826" lon="28.18245168423">
    <tag k="local_x" v="-25.1368"/>
    <tag k="local_y" v="310.0605"/>
    <tag k="ele" v="-1.8455"/>
  </node>
  <node id="856" lat="40.64759399098" lon="28.18244621398">
    <tag k="local_x" v="-25.5972"/>
    <tag k="local_y" v="309.9014"/>
    <tag k="ele" v="-1.8491"/>
  </node>
  <node id="857" lat="40.64759239704" lon="28.18243969226">
    <tag k="local_x" v="-26.1463"/>
    <tag k="local_y" v="309.7170"/>
    <tag k="ele" v="-1.8524"/>
  </node>
  <node id="858" lat="40.64759086333" lon="28.18243337592">
    <tag k="local_x" v="-26.6780"/>
    <tag k="local_y" v="309.5396"/>
    <tag k="ele" v="-1.8558"/>
  </node>
  <node id="859" lat="40.64758934174" lon="28.18242706073">
    <tag k="local_x" v="-27.2097"/>
    <tag k="local_y" v="309.3635"/>
    <tag k="ele" v="-1.8591"/>
  </node>
  <node id="860" lat="40.64758782820" lon="28.18242074209">
    <tag k="local_x" v="-27.7417"/>
    <tag k="local_y" v="309.1883"/>
    <tag k="ele" v="-1.8625"/>
  </node>
  <node id="861" lat="40.64758631453" lon="28.18241441988">
    <tag k="local_x" v="-28.2740"/>
    <tag k="local_y" v="309.0131"/>
    <tag k="ele" v="-1.8658"/>
  </node>
  <node id="862" lat="40.64758480139" lon="28.18240809814">
    <tag k="local_x" v="-28.8062"/>
    <tag k="local_y" v="308.8379"/>
    <tag k="ele" v="-1.8692"/>
  </node>
  <node id="863" lat="40.64758329975" lon="28.18240177661">
    <tag k="local_x" v="-29.3385"/>
    <tag k="local_y" v="308.6640"/>
    <tag k="ele" v="-1.8725"/>
  </node>
  <node id="864" lat="40.64758179722" lon="28.18239545156">
    <tag k="local_x" v="-29.8710"/>
    <tag k="local_y" v="308.4901"/>
    <tag k="ele" v="-1.8758"/>
  </node>
  <node id="865" lat="40.64758029469" lon="28.18238912651">
    <tag k="local_x" v="-30.4036"/>
    <tag k="local_y" v="308.3161"/>
    <tag k="ele" v="-1.8792"/>
  </node>
  <node id="866" lat="40.64757879346" lon="28.18238279644">
    <tag k="local_x" v="-30.9365"/>
    <tag k="local_y" v="308.1422"/>
    <tag k="ele" v="-1.8826"/>
  </node>
  <node id="867" lat="40.64757729459" lon="28.18237647544">
    <tag k="local_x" v="-31.4688"/>
    <tag k="local_y" v="307.9687"/>
    <tag k="ele" v="-1.8859"/>
  </node>
  <node id="868" lat="40.64757579349" lon="28.18237016183">
    <tag k="local_x" v="-32.0003"/>
    <tag k="local_y" v="307.7949"/>
    <tag k="ele" v="-1.8893"/>
  </node>
  <node id="869" lat="40.64757429125" lon="28.18236380550">
    <tag k="local_x" v="-32.5355"/>
    <tag k="local_y" v="307.6209"/>
    <tag k="ele" v="-1.8926"/>
  </node>
  <node id="870" lat="40.64757279977" lon="28.18235738774">
    <tag k="local_x" v="-33.0759"/>
    <tag k="local_y" v="307.4480"/>
    <tag k="ele" v="-1.8958"/>
  </node>
  <node id="871" lat="40.64757141084" lon="28.18235031146">
    <tag k="local_x" v="-33.6722"/>
    <tag k="local_y" v="307.2858"/>
    <tag k="ele" v="-1.8979"/>
  </node>
  <node id="872" lat="40.64757024468" lon="28.18234347467">
    <tag k="local_x" v="-34.2485"/>
    <tag k="local_y" v="307.1486"/>
    <tag k="ele" v="-1.8993"/>
  </node>
  <node id="873" lat="40.64756913521" lon="28.18233712373">
    <tag k="local_x" v="-34.7838"/>
    <tag k="local_y" v="307.0182"/>
    <tag k="ele" v="-1.9008"/>
  </node>
  <node id="874" lat="40.64756799287" lon="28.18233067835">
    <tag k="local_x" v="-35.3270"/>
    <tag k="local_y" v="306.8841"/>
    <tag k="ele" v="-1.9024"/>
  </node>
  <node id="875" lat="40.64756683219" lon="28.18232432483">
    <tag k="local_x" v="-35.8625"/>
    <tag k="local_y" v="306.7480"/>
    <tag k="ele" v="-1.9043"/>
  </node>
  <node id="876" lat="40.64756574324" lon="28.18231740970">
    <tag k="local_x" v="-36.4456"/>
    <tag k="local_y" v="306.6193"/>
    <tag k="ele" v="-1.9053"/>
  </node>
  <node id="877" lat="40.64756485025" lon="28.18231038917">
    <tag k="local_x" v="-37.0378"/>
    <tag k="local_y" v="306.5122"/>
    <tag k="ele" v="-1.9053"/>
  </node>
  <node id="878" lat="40.64756403808" lon="28.18230383591">
    <tag k="local_x" v="-37.5907"/>
    <tag k="local_y" v="306.4146"/>
    <tag k="ele" v="-1.9058"/>
  </node>
  <node id="879" lat="40.64756325631" lon="28.18229719328">
    <tag k="local_x" v="-38.1512"/>
    <tag k="local_y" v="306.3202"/>
    <tag k="ele" v="-1.9055"/>
  </node>
  <node id="880" lat="40.64756256434" lon="28.18229038032">
    <tag k="local_x" v="-38.7262"/>
    <tag k="local_y" v="306.2357"/>
    <tag k="ele" v="-1.901"/>
  </node>
  <node id="881" lat="40.64756200315" lon="28.18228346000">
    <tag k="local_x" v="-39.3105"/>
    <tag k="local_y" v="306.1655"/>
    <tag k="ele" v="-1.891"/>
  </node>
  <node id="882" lat="40.64756168938" lon="28.18227632189">
    <tag k="local_x" v="-39.9135"/>
    <tag k="local_y" v="306.1226"/>
    <tag k="ele" v="-1.872"/>
  </node>
  <node id="883" lat="40.64756143954" lon="28.18226966815">
    <tag k="local_x" v="-40.4757"/>
    <tag k="local_y" v="306.0873"/>
    <tag k="ele" v="-1.8524"/>
  </node>
  <node id="884" lat="40.64756113643" lon="28.18226315724">
    <tag k="local_x" v="-41.0258"/>
    <tag k="local_y" v="306.0462"/>
    <tag k="ele" v="-1.8345"/>
  </node>
  <node id="885" lat="40.64756103227" lon="28.18225606646">
    <tag k="local_x" v="-41.6252"/>
    <tag k="local_y" v="306.0266"/>
    <tag k="ele" v="-1.8073"/>
  </node>
  <node id="886" lat="40.64756115735" lon="28.18224905622">
    <tag k="local_x" v="-42.2181"/>
    <tag k="local_y" v="306.0325"/>
    <tag k="ele" v="-1.772"/>
  </node>
  <node id="887" lat="40.64756140852" lon="28.18224223521">
    <tag k="local_x" v="-42.7952"/>
    <tag k="local_y" v="306.0526"/>
    <tag k="ele" v="-1.7324"/>
  </node>
  <node id="888" lat="40.64756169227" lon="28.18223553011">
    <tag k="local_x" v="-43.3625"/>
    <tag k="local_y" v="306.0765"/>
    <tag k="ele" v="-1.6904"/>
  </node>
  <node id="889" lat="40.64756188926" lon="28.18222907615">
    <tag k="local_x" v="-43.9085"/>
    <tag k="local_y" v="306.0910"/>
    <tag k="ele" v="-1.6481"/>
  </node>
  <node id="890" lat="40.64756231199" lon="28.18222211746">
    <tag k="local_x" v="-44.4975"/>
    <tag k="local_y" v="306.1301"/>
    <tag k="ele" v="-1.61"/>
  </node>
  <node id="891" lat="40.64756309348" lon="28.18221497994">
    <tag k="local_x" v="-45.1021"/>
    <tag k="local_y" v="306.2087"/>
    <tag k="ele" v="-1.5789"/>
  </node>
  <node id="892" lat="40.64756379824" lon="28.18220845684">
    <tag k="local_x" v="-45.6547"/>
    <tag k="local_y" v="306.2795"/>
    <tag k="ele" v="-1.5474"/>
  </node>
  <node id="893" lat="40.64756452474" lon="28.18220189068">
    <tag k="local_x" v="-46.2110"/>
    <tag k="local_y" v="306.3527"/>
    <tag k="ele" v="-1.5164"/>
  </node>
  <node id="894" lat="40.64756569223" lon="28.18219481153">
    <tag k="local_x" v="-46.8113"/>
    <tag k="local_y" v="306.4743"/>
    <tag k="ele" v="-1.4944"/>
  </node>
  <node id="895" lat="40.64756698412" lon="28.18218808723">
    <tag k="local_x" v="-47.3817"/>
    <tag k="local_y" v="306.6100"/>
    <tag k="ele" v="-1.4771"/>
  </node>
  <node id="896" lat="40.64756815876" lon="28.18218173125">
    <tag k="local_x" v="-47.9209"/>
    <tag k="local_y" v="306.7332"/>
    <tag k="ele" v="-1.4587"/>
  </node>
  <node id="897" lat="40.64756935197" lon="28.18217529682">
    <tag k="local_x" v="-48.4667"/>
    <tag k="local_y" v="306.8583"/>
    <tag k="ele" v="-1.4404"/>
  </node>
  <node id="898" lat="40.64757052161" lon="28.18216887344">
    <tag k="local_x" v="-49.0115"/>
    <tag k="local_y" v="306.9809"/>
    <tag k="ele" v="-1.4222"/>
  </node>
  <node id="899" lat="40.64757165961" lon="28.18216241240">
    <tag k="local_x" v="-49.5595"/>
    <tag k="local_y" v="307.0999"/>
    <tag k="ele" v="-1.4038"/>
  </node>
  <node id="900" lat="40.64757282154" lon="28.18215593981">
    <tag k="local_x" v="-50.1085"/>
    <tag k="local_y" v="307.2215"/>
    <tag k="ele" v="-1.3855"/>
  </node>
  <node id="901" lat="40.64757419713" lon="28.18214928544">
    <tag k="local_x" v="-50.6732"/>
    <tag k="local_y" v="307.3666"/>
    <tag k="ele" v="-1.3674"/>
  </node>
  <node id="902" lat="40.64757566567" lon="28.18214269142">
    <tag k="local_x" v="-51.2329"/>
    <tag k="local_y" v="307.5221"/>
    <tag k="ele" v="-1.3496"/>
  </node>
  <node id="903" lat="40.64757727594" lon="28.18213612853">
    <tag k="local_x" v="-51.7902"/>
    <tag k="local_y" v="307.6934"/>
    <tag k="ele" v="-1.3322"/>
  </node>
  <node id="904" lat="40.64757892561" lon="28.18212973938">
    <tag k="local_x" v="-52.3329"/>
    <tag k="local_y" v="307.8693"/>
    <tag k="ele" v="-1.3151"/>
  </node>
  <node id="905" lat="40.64758053767" lon="28.18212346227">
    <tag k="local_x" v="-52.8660"/>
    <tag k="local_y" v="308.0411"/>
    <tag k="ele" v="-1.2981"/>
  </node>
  <node id="906" lat="40.64758204562" lon="28.18211713713">
    <tag k="local_x" v="-53.4031"/>
    <tag k="local_y" v="308.2013"/>
    <tag k="ele" v="-1.281"/>
  </node>
  <node id="907" lat="40.64758354934" lon="28.18211081948">
    <tag k="local_x" v="-53.9395"/>
    <tag k="local_y" v="308.3611"/>
    <tag k="ele" v="-1.2639"/>
  </node>
  <node id="908" lat="40.64758498738" lon="28.18210455851">
    <tag k="local_x" v="-54.4710"/>
    <tag k="local_y" v="308.5136"/>
    <tag k="ele" v="-1.2468"/>
  </node>
  <node id="909" lat="40.64758644465" lon="28.18209811712">
    <tag k="local_x" v="-55.0178"/>
    <tag k="local_y" v="308.6680"/>
    <tag k="ele" v="-1.2297"/>
  </node>
  <node id="910" lat="40.64758852783" lon="28.18209105324">
    <tag k="local_x" v="-55.6182"/>
    <tag k="local_y" v="308.8912"/>
    <tag k="ele" v="-1.2132"/>
  </node>
  <node id="911" lat="40.64759092952" lon="28.18208437393">
    <tag k="local_x" v="-56.1865"/>
    <tag k="local_y" v="309.1502"/>
    <tag k="ele" v="-1.1971"/>
  </node>
  <node id="912" lat="40.64759375909" lon="28.18207785149">
    <tag k="local_x" v="-56.7422"/>
    <tag k="local_y" v="309.4569"/>
    <tag k="ele" v="-1.1812"/>
  </node>
  <node id="913" lat="40.64759625047" lon="28.18207186748">
    <tag k="local_x" v="-57.2519"/>
    <tag k="local_y" v="309.7267"/>
    <tag k="ele" v="-1.1653"/>
  </node>
  <node id="914" lat="40.64759857222" lon="28.18206607959">
    <tag k="local_x" v="-57.7447"/>
    <tag k="local_y" v="309.9778"/>
    <tag k="ele" v="-1.1494"/>
  </node>
  <node id="915" lat="40.64760094205" lon="28.18206019806">
    <tag k="local_x" v="-58.2455"/>
    <tag k="local_y" v="310.2342"/>
    <tag k="ele" v="-1.1335"/>
  </node>
  <node id="916" lat="40.64760326899" lon="28.18205428030">
    <tag k="local_x" v="-58.7493"/>
    <tag k="local_y" v="310.4858"/>
    <tag k="ele" v="-1.1176"/>
  </node>
  <node id="917" lat="40.64760552747" lon="28.18204829134">
    <tag k="local_x" v="-59.2591"/>
    <tag k="local_y" v="310.7297"/>
    <tag k="ele" v="-1.1017"/>
  </node>
  <node id="918" lat="40.64728592405" lon="28.18288364711">
    <tag k="local_x" v="11.8479"/>
    <tag k="local_y" v="276.2014"/>
    <tag k="ele" v="-2.3907"/>
  </node>
  <node id="919" lat="40.64731069092" lon="28.18288074895">
    <tag k="local_x" v="11.5659"/>
    <tag k="local_y" v="278.9474"/>
    <tag k="ele" v="-2.3678"/>
  </node>
  <node id="920" lat="40.64733588472" lon="28.18287665067">
    <tag k="local_x" v="11.1818"/>
    <tag k="local_y" v="281.7394"/>
    <tag k="ele" v="-2.3343"/>
  </node>
  <node id="921" lat="40.64736099353" lon="28.18287215386">
    <tag k="local_x" v="10.7641"/>
    <tag k="local_y" v="284.5215"/>
    <tag k="ele" v="-2.3384"/>
  </node>
  <node id="922" lat="40.64738554131" lon="28.18286650514">
    <tag k="local_x" v="10.2498"/>
    <tag k="local_y" v="287.2401"/>
    <tag k="ele" v="-2.3175"/>
  </node>
  <node id="923" lat="40.64740993320" lon="28.18285969593">
    <tag k="local_x" v="9.6377"/>
    <tag k="local_y" v="289.9400"/>
    <tag k="ele" v="-2.2793"/>
  </node>
  <node id="924" lat="40.64743419974" lon="28.18285201674">
    <tag k="local_x" v="8.9522"/>
    <tag k="local_y" v="292.6250"/>
    <tag k="ele" v="-2.2817"/>
  </node>
  <node id="925" lat="40.64745734618" lon="28.18284353959">
    <tag k="local_x" v="8.2009"/>
    <tag k="local_y" v="295.1847"/>
    <tag k="ele" v="-2.2741"/>
  </node>
  <node id="926" lat="40.64747499909" lon="28.18283419661">
    <tag k="local_x" v="7.3845"/>
    <tag k="local_y" v="297.1337"/>
    <tag k="ele" v="-2.1682"/>
  </node>
  <node id="927" lat="40.64749265927" lon="28.18281844095">
    <tag k="local_x" v="6.0260"/>
    <tag k="local_y" v="299.0762"/>
    <tag k="ele" v="-2.0128"/>
  </node>
  <node id="928" lat="40.64751017255" lon="28.18280001340">
    <tag k="local_x" v="4.4418"/>
    <tag k="local_y" v="300.9993"/>
    <tag k="ele" v="-1.9809"/>
  </node>
  <node id="929" lat="40.64752658814" lon="28.18277742049">
    <tag k="local_x" v="2.5071"/>
    <tag k="local_y" v="302.7958"/>
    <tag k="ele" v="-2.0678"/>
  </node>
  <node id="930" lat="40.64754163141" lon="28.18275535933">
    <tag k="local_x" v="0.6193"/>
    <tag k="local_y" v="304.4406"/>
    <tag k="ele" v="-1.9033"/>
  </node>
  <node id="931" lat="40.64755502439" lon="28.18272924274">
    <tag k="local_x" v="-1.6088"/>
    <tag k="local_y" v="305.8976"/>
    <tag k="ele" v="-2.0801"/>
  </node>
  <node id="932" lat="40.64756427994" lon="28.18270535767">
    <tag k="local_x" v="-3.6421"/>
    <tag k="local_y" v="306.8979"/>
    <tag k="ele" v="-2.1658"/>
  </node>
  <node id="933" lat="40.64757340293" lon="28.18267396742">
    <tag k="local_x" v="-6.3098"/>
    <tag k="local_y" v="307.8749"/>
    <tag k="ele" v="-2.118"/>
  </node>
  <node id="934" lat="40.64758110809" lon="28.18264208737">
    <tag k="local_x" v="-9.0168"/>
    <tag k="local_y" v="308.6940"/>
    <tag k="ele" v="-2.034"/>
  </node>
  <node id="935" lat="40.64758728406" lon="28.18260969449">
    <tag k="local_x" v="-11.7649"/>
    <tag k="local_y" v="309.3427"/>
    <tag k="ele" v="-1.9451"/>
  </node>
  <node id="936" lat="40.64759100030" lon="28.18258023481">
    <tag k="local_x" v="-14.2612"/>
    <tag k="local_y" v="309.7218"/>
    <tag k="ele" v="-1.8782"/>
  </node>
  <node id="937" lat="40.64759244355" lon="28.18255029579">
    <tag k="local_x" v="-16.7947"/>
    <tag k="local_y" v="309.8479"/>
    <tag k="ele" v="-1.8486"/>
  </node>
  <node id="938" lat="40.64759150548" lon="28.18251697362">
    <tag k="local_x" v="-19.6108"/>
    <tag k="local_y" v="309.7059"/>
    <tag k="ele" v="-1.8352"/>
  </node>
  <node id="939" lat="40.64758867662" lon="28.18248601918">
    <tag k="local_x" v="-22.2238"/>
    <tag k="local_y" v="309.3567"/>
    <tag k="ele" v="-1.833"/>
  </node>
  <node id="940" lat="40.64758435657" lon="28.18245673755">
    <tag k="local_x" v="-24.6931"/>
    <tag k="local_y" v="308.8438"/>
    <tag k="ele" v="-1.8382"/>
  </node>
  <node id="941" lat="40.64757655664" lon="28.18242467017">
    <tag k="local_x" v="-27.3928"/>
    <tag k="local_y" v="307.9415"/>
    <tag k="ele" v="-1.8554"/>
  </node>
  <node id="942" lat="40.64756781654" lon="28.18239337521">
    <tag k="local_x" v="-30.0257"/>
    <tag k="local_y" v="306.9358"/>
    <tag k="ele" v="-1.8776"/>
  </node>
  <node id="943" lat="40.64755916142" lon="28.18236117673">
    <tag k="local_x" v="-32.7352"/>
    <tag k="local_y" v="305.9384"/>
    <tag k="ele" v="-1.8983"/>
  </node>
  <node id="944" lat="40.64755273203" lon="28.18232834298">
    <tag k="local_x" v="-35.5017"/>
    <tag k="local_y" v="305.1874"/>
    <tag k="ele" v="-1.9147"/>
  </node>
  <node id="945" lat="40.64754829817" lon="28.18229464501">
    <tag k="local_x" v="-38.3443"/>
    <tag k="local_y" v="304.6569"/>
    <tag k="ele" v="-1.9342"/>
  </node>
  <node id="946" lat="40.64754658416" lon="28.18226009126">
    <tag k="local_x" v="-41.2633"/>
    <tag k="local_y" v="304.4273"/>
    <tag k="ele" v="-1.8382"/>
  </node>
  <node id="947" lat="40.64754778869" lon="28.18222590206">
    <tag k="local_x" v="-44.1558"/>
    <tag k="local_y" v="304.5222"/>
    <tag k="ele" v="-1.6182"/>
  </node>
  <node id="948" lat="40.64755171844" lon="28.18219176567">
    <tag k="local_x" v="-47.0479"/>
    <tag k="local_y" v="304.9196"/>
    <tag k="ele" v="-1.4744"/>
  </node>
  <node id="949" lat="40.64755782694" lon="28.18215913079">
    <tag k="local_x" v="-49.8163"/>
    <tag k="local_y" v="305.5606"/>
    <tag k="ele" v="-1.3979"/>
  </node>
  <node id="950" lat="40.64756491090" lon="28.18212609517">
    <tag k="local_x" v="-52.6201"/>
    <tag k="local_y" v="306.3094"/>
    <tag k="ele" v="-1.3171"/>
  </node>
  <node id="951" lat="40.64757267188" lon="28.18209433324">
    <tag k="local_x" v="-55.3172"/>
    <tag k="local_y" v="307.1349"/>
    <tag k="ele" v="-1.2345"/>
  </node>
  <node id="952" lat="40.64758458819" lon="28.18206179570">
    <tag k="local_x" v="-58.0860"/>
    <tag k="local_y" v="308.4207"/>
    <tag k="ele" v="-1.158"/>
  </node>
  <node id="953" lat="40.64729624303" lon="28.18291825153">
    <tag k="local_x" v="14.7584"/>
    <tag k="local_y" v="277.3862"/>
    <tag k="ele" v="-2.3857"/>
  </node>
  <node id="954" lat="40.64732158169" lon="28.18291478160">
    <tag k="local_x" v="14.4272"/>
    <tag k="local_y" v="280.1950"/>
    <tag k="ele" v="-2.3548"/>
  </node>
  <node id="955" lat="40.64734720128" lon="28.18291051353">
    <tag k="local_x" v="14.0280"/>
    <tag k="local_y" v="283.0341"/>
    <tag k="ele" v="-2.3332"/>
  </node>
  <node id="956" lat="40.64737262739" lon="28.18290558775">
    <tag k="local_x" v="13.5736"/>
    <tag k="local_y" v="285.8510"/>
    <tag k="ele" v="-2.3374"/>
  </node>
  <node id="957" lat="40.64739768572" lon="28.18289951063">
    <tag k="local_x" v="13.0223"/>
    <tag k="local_y" v="288.6257"/>
    <tag k="ele" v="-2.3025"/>
  </node>
  <node id="958" lat="40.64742208024" lon="28.18289231411">
    <tag k="local_x" v="12.3774"/>
    <tag k="local_y" v="291.3255"/>
    <tag k="ele" v="-2.2758"/>
  </node>
  <node id="959" lat="40.64744715141" lon="28.18288423414">
    <tag k="local_x" v="11.6568"/>
    <tag k="local_y" v="294.0993"/>
    <tag k="ele" v="-2.2837"/>
  </node>
  <node id="960" lat="40.64746940206" lon="28.18287550932">
    <tag k="local_x" v="10.8859"/>
    <tag k="local_y" v="296.5594"/>
    <tag k="ele" v="-2.2549"/>
  </node>
  <node id="961" lat="40.64748839476" lon="28.18286474603">
    <tag k="local_x" v="9.9475"/>
    <tag k="local_y" v="298.6554"/>
    <tag k="ele" v="-2.1441"/>
  </node>
  <node id="962" lat="40.64750757723" lon="28.18284803638">
    <tag k="local_x" v="8.5061"/>
    <tag k="local_y" v="300.7658"/>
    <tag k="ele" v="-2.0181"/>
  </node>
  <node id="963" lat="40.64752647393" lon="28.18282822482">
    <tag k="local_x" v="6.8028"/>
    <tag k="local_y" v="302.8409"/>
    <tag k="ele" v="-1.9739"/>
  </node>
  <node id="964" lat="40.64754240159" lon="28.18280703426">
    <tag k="local_x" v="4.9873"/>
    <tag k="local_y" v="304.5849"/>
    <tag k="ele" v="-2.0849"/>
  </node>
  <node id="965" lat="40.64755922483" lon="28.18278302974">
    <tag k="local_x" v="2.9326"/>
    <tag k="local_y" v="306.4251"/>
    <tag k="ele" v="-1.9239"/>
  </node>
  <node id="966" lat="40.64757205263" lon="28.18276018982">
    <tag k="local_x" v="0.9823"/>
    <tag k="local_y" v="307.8231"/>
    <tag k="ele" v="-1.9974"/>
  </node>
  <node id="967" lat="40.64758396416" lon="28.18273283779">
    <tag k="local_x" v="-1.3481"/>
    <tag k="local_y" v="309.1142"/>
    <tag k="ele" v="-2.1555"/>
  </node>
  <node id="968" lat="40.64759303948" lon="28.18270539525">
    <tag k="local_x" v="-3.6819"/>
    <tag k="local_y" v="310.0904"/>
    <tag k="ele" v="-2.1486"/>
  </node>
  <node id="969" lat="40.64760186673" lon="28.18267324763">
    <tag k="local_x" v="-6.4132"/>
    <tag k="local_y" v="311.0338"/>
    <tag k="ele" v="-2.0808"/>
  </node>
  <node id="970" lat="40.64760924328" lon="28.18264069636">
    <tag k="local_x" v="-9.1764"/>
    <tag k="local_y" v="311.8156"/>
    <tag k="ele" v="-1.9954"/>
  </node>
  <node id="971" lat="40.64761503668" lon="28.18260734984">
    <tag k="local_x" v="-12.0045"/>
    <tag k="local_y" v="312.4208"/>
    <tag k="ele" v="-1.9152"/>
  </node>
  <node id="972" lat="40.64761795188" lon="28.18257791214">
    <tag k="local_x" v="-14.4978"/>
    <tag k="local_y" v="312.7109"/>
    <tag k="ele" v="-1.8667"/>
  </node>
  <node id="973" lat="40.64761904609" lon="28.18254681140">
    <tag k="local_x" v="-17.1291"/>
    <tag k="local_y" v="312.7970"/>
    <tag k="ele" v="-1.8432"/>
  </node>
  <node id="974" lat="40.64761799009" lon="28.18251291752">
    <tag k="local_x" v="-19.9932"/>
    <tag k="local_y" v="312.6413"/>
    <tag k="ele" v="-1.8338"/>
  </node>
  <node id="975" lat="40.64761515570" lon="28.18248139457">
    <tag k="local_x" v="-22.6543"/>
    <tag k="local_y" v="312.2908"/>
    <tag k="ele" v="-1.8331"/>
  </node>
  <node id="976" lat="40.64761048149" lon="28.18245075012">
    <tag k="local_x" v="-25.2383"/>
    <tag k="local_y" v="311.7371"/>
    <tag k="ele" v="-1.8388"/>
  </node>
  <node id="977" lat="40.64760297403" lon="28.18241882987">
    <tag k="local_x" v="-27.9260"/>
    <tag k="local_y" v="310.8674"/>
    <tag k="ele" v="-1.8552"/>
  </node>
  <node id="978" lat="40.64759434558" lon="28.18238683251">
    <tag k="local_x" v="-30.6185"/>
    <tag k="local_y" v="309.8732"/>
    <tag k="ele" v="-1.876"/>
  </node>
  <node id="979" lat="40.64758582672" lon="28.18235461830">
    <tag k="local_x" v="-33.3295"/>
    <tag k="local_y" v="308.8910"/>
    <tag k="ele" v="-1.8963"/>
  </node>
  <node id="980" lat="40.64757911033" lon="28.18232101187">
    <tag k="local_x" v="-36.1609"/>
    <tag k="local_y" v="308.1072"/>
    <tag k="ele" v="-1.9115"/>
  </node>
  <node id="981" lat="40.64757460053" lon="28.18228599986">
    <tag k="local_x" v="-39.1145"/>
    <tag k="local_y" v="307.5668"/>
    <tag k="ele" v="-1.9352"/>
  </node>
  <node id="982" lat="40.64757343823" lon="28.18225077470">
    <tag k="local_x" v="-42.0911"/>
    <tag k="local_y" v="307.3977"/>
    <tag k="ele" v="-1.812"/>
  </node>
  <node id="983" lat="40.64757574640" lon="28.18221595386">
    <tag k="local_x" v="-45.0387"/>
    <tag k="local_y" v="307.6144"/>
    <tag k="ele" v="-1.5617"/>
  </node>
  <node id="984" lat="40.64758103217" lon="28.18218185284">
    <tag k="local_x" v="-47.9298"/>
    <tag k="local_y" v="308.1624"/>
    <tag k="ele" v="-1.4372"/>
  </node>
  <node id="985" lat="40.64758810151" lon="28.18214860733">
    <tag k="local_x" v="-50.7513"/>
    <tag k="local_y" v="308.9093"/>
    <tag k="ele" v="-1.3534"/>
  </node>
  <node id="986" lat="40.64759550052" lon="28.18211573482">
    <tag k="local_x" v="-53.5417"/>
    <tag k="local_y" v="309.6933"/>
    <tag k="ele" v="-1.2625"/>
  </node>
  <node id="987" lat="40.64760634744" lon="28.18208178443">
    <tag k="local_x" v="-56.4284"/>
    <tag k="local_y" v="310.8588"/>
    <tag k="ele" v="-1.1732"/>
  </node>
  <node id="988" lat="40.64533067570" lon="28.18292535272">
    <tag k="local_x" v="18.2936"/>
    <tag k="local_y" v="59.2040"/>
    <tag k="ele" v="-3.3781"/>
  </node>
  <node id="989" lat="40.64533513287" lon="28.18292521918">
    <tag k="local_x" v="18.2757"/>
    <tag k="local_y" v="59.6986"/>
    <tag k="ele" v="-3.3811"/>
  </node>
  <node id="990" lat="40.64533958114" lon="28.18292512011">
    <tag k="local_x" v="18.2606"/>
    <tag k="local_y" v="60.1923"/>
    <tag k="ele" v="-3.384"/>
  </node>
  <node id="991" lat="40.64534402985" lon="28.18292504872">
    <tag k="local_x" v="18.2480"/>
    <tag k="local_y" v="60.6860"/>
    <tag k="ele" v="-3.3869"/>
  </node>
  <node id="992" lat="40.64534848438" lon="28.18292500724">
    <tag k="local_x" v="18.2378"/>
    <tag k="local_y" v="61.1804"/>
    <tag k="ele" v="-3.3897"/>
  </node>
  <node id="993" lat="40.64535296270" lon="28.18292502267">
    <tag k="local_x" v="18.2324"/>
    <tag k="local_y" v="61.6776"/>
    <tag k="ele" v="-3.3923"/>
  </node>
  <node id="994" lat="40.64535734717" lon="28.18292505481">
    <tag k="local_x" v="18.2286"/>
    <tag k="local_y" v="62.1643"/>
    <tag k="ele" v="-3.3949"/>
  </node>
  <node id="995" lat="40.64536171265" lon="28.18292508352">
    <tag k="local_x" v="18.2245"/>
    <tag k="local_y" v="62.6490"/>
    <tag k="ele" v="-3.3976"/>
  </node>
  <node id="996" lat="40.64536608549" lon="28.18292511103">
    <tag k="local_x" v="18.2203"/>
    <tag k="local_y" v="63.1344"/>
    <tag k="ele" v="-3.4002"/>
  </node>
  <node id="997" lat="40.64537046054" lon="28.18292515507">
    <tag k="local_x" v="18.2175"/>
    <tag k="local_y" v="63.6201"/>
    <tag k="ele" v="-3.4028"/>
  </node>
  <node id="998" lat="40.64537483572" lon="28.18292521653">
    <tag k="local_x" v="18.2161"/>
    <tag k="local_y" v="64.1058"/>
    <tag k="ele" v="-3.4055"/>
  </node>
  <node id="999" lat="40.64537921090" lon="28.18292527799">
    <tag k="local_x" v="18.2148"/>
    <tag k="local_y" v="64.5916"/>
    <tag k="ele" v="-3.4081"/>
  </node>
  <node id="1000" lat="40.64538359013" lon="28.18292534064">
    <tag k="local_x" v="18.2136"/>
    <tag k="local_y" v="65.0778"/>
    <tag k="ele" v="-3.4108"/>
  </node>
  <node id="1001" lat="40.64538796219" lon="28.18292541290">
    <tag k="local_x" v="18.2132"/>
    <tag k="local_y" v="65.5632"/>
    <tag k="ele" v="-3.4135"/>
  </node>
  <node id="1002" lat="40.64539233748" lon="28.18292550353">
    <tag k="local_x" v="18.2143"/>
    <tag k="local_y" v="66.0490"/>
    <tag k="ele" v="-3.4161"/>
  </node>
  <node id="1003" lat="40.64539671277" lon="28.18292559415">
    <tag k="local_x" v="18.2154"/>
    <tag k="local_y" v="66.5348"/>
    <tag k="ele" v="-3.4188"/>
  </node>
  <node id="1004" lat="40.64540109205" lon="28.18292568598">
    <tag k="local_x" v="18.2166"/>
    <tag k="local_y" v="67.0210"/>
    <tag k="ele" v="-3.4213"/>
  </node>
  <node id="1005" lat="40.64540546426" lon="28.18292578033">
    <tag k="local_x" v="18.2181"/>
    <tag k="local_y" v="67.5064"/>
    <tag k="ele" v="-3.424"/>
  </node>
  <node id="1006" lat="40.64540986050" lon="28.18292589382">
    <tag k="local_x" v="18.2211"/>
    <tag k="local_y" v="67.9946"/>
    <tag k="ele" v="-3.4258"/>
  </node>
  <node id="1007" lat="40.64541427509" lon="28.18292602272">
    <tag k="local_x" v="18.2254"/>
    <tag k="local_y" v="68.4848"/>
    <tag k="ele" v="-3.4265"/>
  </node>
  <node id="1008" lat="40.64541868304" lon="28.18292616476">
    <tag k="local_x" v="18.2309"/>
    <tag k="local_y" v="68.9742"/>
    <tag k="ele" v="-3.4261"/>
  </node>
  <node id="1009" lat="40.64542309917" lon="28.18292632242">
    <tag k="local_x" v="18.2376"/>
    <tag k="local_y" v="69.4646"/>
    <tag k="ele" v="-3.4242"/>
  </node>
  <node id="1010" lat="40.64542748845" lon="28.18292647908">
    <tag k="local_x" v="18.2443"/>
    <tag k="local_y" v="69.9521"/>
    <tag k="ele" v="-3.4219"/>
  </node>
  <node id="1011" lat="40.64543185443" lon="28.18292663204">
    <tag k="local_x" v="18.2507"/>
    <tag k="local_y" v="70.4369"/>
    <tag k="ele" v="-3.4199"/>
  </node>
  <node id="1012" lat="40.64543622914" lon="28.18292678506">
    <tag k="local_x" v="18.2571"/>
    <tag k="local_y" v="70.9227"/>
    <tag k="ele" v="-3.4179"/>
  </node>
  <node id="1013" lat="40.64544060294" lon="28.18292693746">
    <tag k="local_x" v="18.2635"/>
    <tag k="local_y" v="71.4084"/>
    <tag k="ele" v="-3.4158"/>
  </node>
  <node id="1014" lat="40.64544497780" lon="28.18292705629">
    <tag k="local_x" v="18.2670"/>
    <tag k="local_y" v="71.8941"/>
    <tag k="ele" v="-3.4138"/>
  </node>
  <node id="1015" lat="40.64544935544" lon="28.18292717632">
    <tag k="local_x" v="18.2706"/>
    <tag k="local_y" v="72.3802"/>
    <tag k="ele" v="-3.4118"/>
  </node>
  <node id="1016" lat="40.64545372745" lon="28.18292729513">
    <tag k="local_x" v="18.2741"/>
    <tag k="local_y" v="72.8657"/>
    <tag k="ele" v="-3.4098"/>
  </node>
  <node id="1017" lat="40.64545810508" lon="28.18292741516">
    <tag k="local_x" v="18.2777"/>
    <tag k="local_y" v="73.3518"/>
    <tag k="ele" v="-3.4077"/>
  </node>
  <node id="1018" lat="40.64546247730" lon="28.18292748250">
    <tag k="local_x" v="18.2769"/>
    <tag k="local_y" v="73.8372"/>
    <tag k="ele" v="-3.4056"/>
  </node>
  <node id="1019" lat="40.64546685233" lon="28.18292754408">
    <tag k="local_x" v="18.2756"/>
    <tag k="local_y" v="74.3229"/>
    <tag k="ele" v="-3.4036"/>
  </node>
  <node id="1020" lat="40.64547122736" lon="28.18292760567">
    <tag k="local_x" v="18.2742"/>
    <tag k="local_y" v="74.8086"/>
    <tag k="ele" v="-3.4016"/>
  </node>
  <node id="1021" lat="40.64547560240" lon="28.18292766725">
    <tag k="local_x" v="18.2729"/>
    <tag k="local_y" v="75.2944"/>
    <tag k="ele" v="-3.3996"/>
  </node>
  <node id="1022" lat="40.64547997763" lon="28.18292767370">
    <tag k="local_x" v="18.2669"/>
    <tag k="local_y" v="75.7800"/>
    <tag k="ele" v="-3.3975"/>
  </node>
  <node id="1023" lat="40.64548435568" lon="28.18292766594">
    <tag k="local_x" v="18.2597"/>
    <tag k="local_y" v="76.2660"/>
    <tag k="ele" v="-3.3955"/>
  </node>
  <node id="1024" lat="40.64548872818" lon="28.18292765695">
    <tag k="local_x" v="18.2524"/>
    <tag k="local_y" v="76.7514"/>
    <tag k="ele" v="-3.3934"/>
  </node>
  <node id="1025" lat="40.64549308677" lon="28.18292764080">
    <tag k="local_x" v="18.2446"/>
    <tag k="local_y" v="77.2352"/>
    <tag k="ele" v="-3.3911"/>
  </node>
  <node id="1026" lat="40.64549744731" lon="28.18292757202">
    <tag k="local_x" v="18.2322"/>
    <tag k="local_y" v="77.7192"/>
    <tag k="ele" v="-3.3885"/>
  </node>
  <node id="1027" lat="40.64550179190" lon="28.18292746655">
    <tag k="local_x" v="18.2168"/>
    <tag k="local_y" v="78.2013"/>
    <tag k="ele" v="-3.3852"/>
  </node>
  <node id="1028" lat="40.64550615226" lon="28.18292735523">
    <tag k="local_x" v="18.2009"/>
    <tag k="local_y" v="78.6852"/>
    <tag k="ele" v="-3.3815"/>
  </node>
  <node id="1029" lat="40.64551052202" lon="28.18292724154">
    <tag k="local_x" v="18.1848"/>
    <tag k="local_y" v="79.1702"/>
    <tag k="ele" v="-3.3778"/>
  </node>
  <node id="1030" lat="40.64551489644" lon="28.18292709675">
    <tag k="local_x" v="18.1660"/>
    <tag k="local_y" v="79.6556"/>
    <tag k="ele" v="-3.3741"/>
  </node>
  <node id="1031" lat="40.64551927182" lon="28.18292692609">
    <tag k="local_x" v="18.1450"/>
    <tag k="local_y" v="80.1411"/>
    <tag k="ele" v="-3.3704"/>
  </node>
  <node id="1032" lat="40.64552364620" lon="28.18292675545">
    <tag k="local_x" v="18.1241"/>
    <tag k="local_y" v="80.6265"/>
    <tag k="ele" v="-3.3667"/>
  </node>
  <node id="1033" lat="40.64552802159" lon="28.18292658479">
    <tag k="local_x" v="18.1031"/>
    <tag k="local_y" v="81.1120"/>
    <tag k="ele" v="-3.363"/>
  </node>
  <node id="1034" lat="40.64553239893" lon="28.18292640045">
    <tag k="local_x" v="18.0810"/>
    <tag k="local_y" v="81.5977"/>
    <tag k="ele" v="-3.3592"/>
  </node>
  <node id="1035" lat="40.64553677130" lon="28.18292619504">
    <tag k="local_x" v="18.0571"/>
    <tag k="local_y" v="82.0828"/>
    <tag k="ele" v="-3.3555"/>
  </node>
  <node id="1036" lat="40.64554114565" lon="28.18292598965">
    <tag k="local_x" v="18.0332"/>
    <tag k="local_y" v="82.5682"/>
    <tag k="ele" v="-3.3518"/>
  </node>
  <node id="1037" lat="40.64554552100" lon="28.18292578424">
    <tag k="local_x" v="18.0093"/>
    <tag k="local_y" v="83.0536"/>
    <tag k="ele" v="-3.3481"/>
  </node>
  <node id="1038" lat="40.64554989534" lon="28.18292557557">
    <tag k="local_x" v="17.9851"/>
    <tag k="local_y" v="83.5390"/>
    <tag k="ele" v="-3.3444"/>
  </node>
  <node id="1039" lat="40.64555426755" lon="28.18292535840">
    <tag k="local_x" v="17.9602"/>
    <tag k="local_y" v="84.0241"/>
    <tag k="ele" v="-3.3407"/>
  </node>
  <node id="1040" lat="40.64555864502" lon="28.18292514242">
    <tag k="local_x" v="17.9354"/>
    <tag k="local_y" v="84.5097"/>
    <tag k="ele" v="-3.337"/>
  </node>
  <node id="1041" lat="40.64556302036" lon="28.18292492643">
    <tag k="local_x" v="17.9106"/>
    <tag k="local_y" v="84.9952"/>
    <tag k="ele" v="-3.3333"/>
  </node>
  <node id="1042" lat="40.64556739470" lon="28.18292471203">
    <tag k="local_x" v="17.8860"/>
    <tag k="local_y" v="85.4805"/>
    <tag k="ele" v="-3.3296"/>
  </node>
  <node id="1043" lat="40.64557179609" lon="28.18292451361">
    <tag k="local_x" v="17.8626"/>
    <tag k="local_y" v="85.9689"/>
    <tag k="ele" v="-3.3259"/>
  </node>
  <node id="1044" lat="40.64557616826" lon="28.18292431403">
    <tag k="local_x" v="17.8392"/>
    <tag k="local_y" v="86.4540"/>
    <tag k="ele" v="-3.3222"/>
  </node>
  <node id="1045" lat="40.64558033272" lon="28.18292404173">
    <tag k="local_x" v="17.8100"/>
    <tag k="local_y" v="86.9160"/>
    <tag k="ele" v="-3.318"/>
  </node>
  <node id="1046" lat="40.64558451232" lon="28.18292370625">
    <tag k="local_x" v="17.7754"/>
    <tag k="local_y" v="87.3795"/>
    <tag k="ele" v="-3.3134"/>
  </node>
  <node id="1047" lat="40.64558865296" lon="28.18292331202">
    <tag k="local_x" v="17.7359"/>
    <tag k="local_y" v="87.8387"/>
    <tag k="ele" v="-3.3081"/>
  </node>
  <node id="1048" lat="40.64559280163" lon="28.18292284661">
    <tag k="local_x" v="17.6903"/>
    <tag k="local_y" v="88.2987"/>
    <tag k="ele" v="-3.3024"/>
  </node>
  <node id="1049" lat="40.64559719473" lon="28.18292237720">
    <tag k="local_x" v="17.6441"/>
    <tag k="local_y" v="88.7859"/>
    <tag k="ele" v="-3.2966"/>
  </node>
  <node id="1050" lat="40.64560157553" lon="28.18292191459">
    <tag k="local_x" v="17.5984"/>
    <tag k="local_y" v="89.2716"/>
    <tag k="ele" v="-3.291"/>
  </node>
  <node id="1051" lat="40.64560593489" lon="28.18292146684">
    <tag k="local_x" v="17.5541"/>
    <tag k="local_y" v="89.7550"/>
    <tag k="ele" v="-3.2853"/>
  </node>
  <node id="1052" lat="40.64561030259" lon="28.18292102045">
    <tag k="local_x" v="17.5098"/>
    <tag k="local_y" v="90.2394"/>
    <tag k="ele" v="-3.2796"/>
  </node>
  <node id="1053" lat="40.64561466192" lon="28.18292057336">
    <tag k="local_x" v="17.4655"/>
    <tag k="local_y" v="90.7228"/>
    <tag k="ele" v="-3.2739"/>
  </node>
  <node id="1054" lat="40.64561902966" lon="28.18292012695">
    <tag k="local_x" v="17.4212"/>
    <tag k="local_y" v="91.2071"/>
    <tag k="ele" v="-3.2683"/>
  </node>
  <node id="1055" lat="40.64562338912" lon="28.18291968511">
    <tag k="local_x" v="17.3773"/>
    <tag k="local_y" v="91.6905"/>
    <tag k="ele" v="-3.2626"/>
  </node>
  <node id="1056" lat="40.64562775716" lon="28.18291924495">
    <tag k="local_x" v="17.3336"/>
    <tag k="local_y" v="92.1749"/>
    <tag k="ele" v="-3.2569"/>
  </node>
  <node id="1057" lat="40.64563211661" lon="28.18291880411">
    <tag k="local_x" v="17.2898"/>
    <tag k="local_y" v="92.6584"/>
    <tag k="ele" v="-3.2512"/>
  </node>
  <node id="1058" lat="40.64563648357" lon="28.18291836397">
    <tag k="local_x" v="17.2461"/>
    <tag k="local_y" v="93.1426"/>
    <tag k="ele" v="-3.2456"/>
  </node>
  <node id="1059" lat="40.64564084418" lon="28.18291791951">
    <tag k="local_x" v="17.2020"/>
    <tag k="local_y" v="93.6262"/>
    <tag k="ele" v="-3.2399"/>
  </node>
  <node id="1060" lat="40.64564521078" lon="28.18291747443">
    <tag k="local_x" v="17.1578"/>
    <tag k="local_y" v="94.1104"/>
    <tag k="ele" v="-3.2342"/>
  </node>
  <node id="1061" lat="40.64564957130" lon="28.18291702859">
    <tag k="local_x" v="17.1136"/>
    <tag k="local_y" v="94.5939"/>
    <tag k="ele" v="-3.2285"/>
  </node>
  <node id="1062" lat="40.64565393795" lon="28.18291658350">
    <tag k="local_x" v="17.0695"/>
    <tag k="local_y" v="95.0781"/>
    <tag k="ele" v="-3.2229"/>
  </node>
  <node id="1063" lat="40.64565829053" lon="28.18291612754">
    <tag k="local_x" v="17.0244"/>
    <tag k="local_y" v="95.5608"/>
    <tag k="ele" v="-3.2173"/>
  </node>
  <node id="1064" lat="40.64566261468" lon="28.18291565615">
    <tag k="local_x" v="16.9781"/>
    <tag k="local_y" v="96.0403"/>
    <tag k="ele" v="-3.212"/>
  </node>
  <node id="1065" lat="40.64566716406" lon="28.18291522777">
    <tag k="local_x" v="16.9351"/>
    <tag k="local_y" v="96.5448"/>
    <tag k="ele" v="-3.2053"/>
  </node>
  <node id="1066" lat="40.64567176903" lon="28.18291487181">
    <tag k="local_x" v="16.8981"/>
    <tag k="local_y" v="97.0555"/>
    <tag k="ele" v="-3.1967"/>
  </node>
  <node id="1067" lat="40.64567622467" lon="28.18291454188">
    <tag k="local_x" v="16.8636"/>
    <tag k="local_y" v="97.5498"/>
    <tag k="ele" v="-3.1875"/>
  </node>
  <node id="1068" lat="40.64568065740" lon="28.18291422366">
    <tag k="local_x" v="16.8301"/>
    <tag k="local_y" v="98.0415"/>
    <tag k="ele" v="-3.1778"/>
  </node>
  <node id="1069" lat="40.64568504028" lon="28.18291391052">
    <tag k="local_x" v="16.7970"/>
    <tag k="local_y" v="98.5276"/>
    <tag k="ele" v="-3.1681"/>
  </node>
  <node id="1070" lat="40.64568940212" lon="28.18291359557">
    <tag k="local_x" v="16.7639"/>
    <tag k="local_y" v="99.0115"/>
    <tag k="ele" v="-3.1584"/>
  </node>
  <node id="1071" lat="40.64569376796" lon="28.18291327484">
    <tag k="local_x" v="16.7303"/>
    <tag k="local_y" v="99.4958"/>
    <tag k="ele" v="-3.1487"/>
  </node>
  <node id="1072" lat="40.64569813872" lon="28.18291294620">
    <tag k="local_x" v="16.6959"/>
    <tag k="local_y" v="99.9806"/>
    <tag k="ele" v="-3.1391"/>
  </node>
  <node id="1073" lat="40.64570250831" lon="28.18291261759">
    <tag k="local_x" v="16.6616"/>
    <tag k="local_y" v="100.4652"/>
    <tag k="ele" v="-3.1294"/>
  </node>
  <node id="1074" lat="40.64570687804" lon="28.18291228898">
    <tag k="local_x" v="16.6273"/>
    <tag k="local_y" v="100.9499"/>
    <tag k="ele" v="-3.1197"/>
  </node>
  <node id="1075" lat="40.64571124880" lon="28.18291195936">
    <tag k="local_x" v="16.5929"/>
    <tag k="local_y" v="101.4347"/>
    <tag k="ele" v="-3.11"/>
  </node>
  <node id="1076" lat="40.64571564353" lon="28.18291163322">
    <tag k="local_x" v="16.5588"/>
    <tag k="local_y" v="101.9222"/>
    <tag k="ele" v="-3.1002"/>
  </node>
  <node id="1077" lat="40.64571990322" lon="28.18291128019">
    <tag k="local_x" v="16.5226"/>
    <tag k="local_y" v="102.3947"/>
    <tag k="ele" v="-3.0911"/>
  </node>
  <node id="1078" lat="40.64572406982" lon="28.18291087625">
    <tag k="local_x" v="16.4822"/>
    <tag k="local_y" v="102.8567"/>
    <tag k="ele" v="-3.0831"/>
  </node>
  <node id="1079" lat="40.64572837931" lon="28.18291045257">
    <tag k="local_x" v="16.4399"/>
    <tag k="local_y" v="103.3346"/>
    <tag k="ele" v="-3.0755"/>
  </node>
  <node id="1080" lat="40.64573275341" lon="28.18291003355">
    <tag k="local_x" v="16.3980"/>
    <tag k="local_y" v="103.8197"/>
    <tag k="ele" v="-3.0679"/>
  </node>
  <node id="1081" lat="40.64573711566" lon="28.18290961395">
    <tag k="local_x" v="16.3560"/>
    <tag k="local_y" v="104.3035"/>
    <tag k="ele" v="-3.0602"/>
  </node>
  <node id="1082" lat="40.64574148969" lon="28.18290919612">
    <tag k="local_x" v="16.3141"/>
    <tag k="local_y" v="104.7885"/>
    <tag k="ele" v="-3.0526"/>
  </node>
  <node id="1083" lat="40.64574585077" lon="28.18290877792">
    <tag k="local_x" v="16.2723"/>
    <tag k="local_y" v="105.2722"/>
    <tag k="ele" v="-3.045"/>
  </node>
  <node id="1084" lat="40.64575021780" lon="28.18290837430">
    <tag k="local_x" v="16.2316"/>
    <tag k="local_y" v="105.7565"/>
    <tag k="ele" v="-3.0373"/>
  </node>
  <node id="1085" lat="40.64575458348" lon="28.18290797073">
    <tag k="local_x" v="16.1910"/>
    <tag k="local_y" v="106.2406"/>
    <tag k="ele" v="-3.0297"/>
  </node>
  <node id="1086" lat="40.64575894939" lon="28.18290756714">
    <tag k="local_x" v="16.1503"/>
    <tag k="local_y" v="106.7248"/>
    <tag k="ele" v="-3.022"/>
  </node>
  <node id="1087" lat="40.64576331643" lon="28.18290716352">
    <tag k="local_x" v="16.1097"/>
    <tag k="local_y" v="107.2091"/>
    <tag k="ele" v="-3.0143"/>
  </node>
  <node id="1088" lat="40.64576768263" lon="28.18290677857">
    <tag k="local_x" v="16.0706"/>
    <tag k="local_y" v="107.6934"/>
    <tag k="ele" v="-3.0066"/>
  </node>
  <node id="1089" lat="40.64577205026" lon="28.18290639579">
    <tag k="local_x" v="16.0317"/>
    <tag k="local_y" v="108.1778"/>
    <tag k="ele" v="-2.999"/>
  </node>
  <node id="1090" lat="40.64577641652" lon="28.18290601304">
    <tag k="local_x" v="15.9929"/>
    <tag k="local_y" v="108.6620"/>
    <tag k="ele" v="-2.9913"/>
  </node>
  <node id="1091" lat="40.64578078302" lon="28.18290563028">
    <tag k="local_x" v="15.9540"/>
    <tag k="local_y" v="109.1463"/>
    <tag k="ele" v="-2.9837"/>
  </node>
  <node id="1092" lat="40.64578515115" lon="28.18290526525">
    <tag k="local_x" v="15.9166"/>
    <tag k="local_y" v="109.6308"/>
    <tag k="ele" v="-2.976"/>
  </node>
  <node id="1093" lat="40.64578951805" lon="28.18290490539">
    <tag k="local_x" v="15.8796"/>
    <tag k="local_y" v="110.1151"/>
    <tag k="ele" v="-2.9684"/>
  </node>
  <node id="1094" lat="40.64579388520" lon="28.18290454551">
    <tag k="local_x" v="15.8427"/>
    <tag k="local_y" v="110.5995"/>
    <tag k="ele" v="-2.9607"/>
  </node>
  <node id="1095" lat="40.64579825348" lon="28.18290418561">
    <tag k="local_x" v="15.8057"/>
    <tag k="local_y" v="111.0840"/>
    <tag k="ele" v="-2.9531"/>
  </node>
  <node id="1096" lat="40.64580262078" lon="28.18290383988">
    <tag k="local_x" v="15.7700"/>
    <tag k="local_y" v="111.5684"/>
    <tag k="ele" v="-2.9454"/>
  </node>
  <node id="1097" lat="40.64580698967" lon="28.18290350147">
    <tag k="local_x" v="15.7348"/>
    <tag k="local_y" v="112.0530"/>
    <tag k="ele" v="-2.9378"/>
  </node>
  <node id="1098" lat="40.64581135237" lon="28.18290316215">
    <tag k="local_x" v="15.6996"/>
    <tag k="local_y" v="112.5369"/>
    <tag k="ele" v="-2.9301"/>
  </node>
  <node id="1099" lat="40.64581572976" lon="28.18290282448">
    <tag k="local_x" v="15.6646"/>
    <tag k="local_y" v="113.0224"/>
    <tag k="ele" v="-2.9224"/>
  </node>
  <node id="1100" lat="40.64582012313" lon="28.18290250114">
    <tag k="local_x" v="15.6307"/>
    <tag k="local_y" v="113.5097"/>
    <tag k="ele" v="-2.9147"/>
  </node>
  <node id="1101" lat="40.64582451173" lon="28.18290219057">
    <tag k="local_x" v="15.5978"/>
    <tag k="local_y" v="113.9965"/>
    <tag k="ele" v="-2.9069"/>
  </node>
  <node id="1102" lat="40.64582891993" lon="28.18290188864">
    <tag k="local_x" v="15.5657"/>
    <tag k="local_y" v="114.4855"/>
    <tag k="ele" v="-2.8991"/>
  </node>
  <node id="1103" lat="40.64583331853" lon="28.18290159427">
    <tag k="local_x" v="15.5343"/>
    <tag k="local_y" v="114.9735"/>
    <tag k="ele" v="-2.8911"/>
  </node>
  <node id="1104" lat="40.64583767428" lon="28.18290130279">
    <tag k="local_x" v="15.5031"/>
    <tag k="local_y" v="115.4567"/>
    <tag k="ele" v="-2.8833"/>
  </node>
  <node id="1105" lat="40.64584204848" lon="28.18290101794">
    <tag k="local_x" v="15.4725"/>
    <tag k="local_y" v="115.9419"/>
    <tag k="ele" v="-2.8754"/>
  </node>
  <node id="1106" lat="40.64584641417" lon="28.18290073230">
    <tag k="local_x" v="15.4418"/>
    <tag k="local_y" v="116.4262"/>
    <tag k="ele" v="-2.8676"/>
  </node>
  <node id="1107" lat="40.64585078840" lon="28.18290044746">
    <tag k="local_x" v="15.4112"/>
    <tag k="local_y" v="116.9114"/>
    <tag k="ele" v="-2.8597"/>
  </node>
  <node id="1108" lat="40.64585515296" lon="28.18290016301">
    <tag k="local_x" v="15.3807"/>
    <tag k="local_y" v="117.3956"/>
    <tag k="ele" v="-2.8518"/>
  </node>
  <node id="1109" lat="40.64585952868" lon="28.18289988203">
    <tag k="local_x" v="15.3504"/>
    <tag k="local_y" v="117.8810"/>
    <tag k="ele" v="-2.8439"/>
  </node>
  <node id="1110" lat="40.64586389304" lon="28.18289960032">
    <tag k="local_x" v="15.3200"/>
    <tag k="local_y" v="118.3652"/>
    <tag k="ele" v="-2.836"/>
  </node>
  <node id="1111" lat="40.64586826264" lon="28.18289931838">
    <tag k="local_x" v="15.2897"/>
    <tag k="local_y" v="118.8499"/>
    <tag k="ele" v="-2.8281"/>
  </node>
  <node id="1112" lat="40.64587263336" lon="28.18289903569">
    <tag k="local_x" v="15.2592"/>
    <tag k="local_y" v="119.3348"/>
    <tag k="ele" v="-2.8202"/>
  </node>
  <node id="1113" lat="40.64587700767" lon="28.18289875078">
    <tag k="local_x" v="15.2286"/>
    <tag k="local_y" v="119.8200"/>
    <tag k="ele" v="-2.8123"/>
  </node>
  <node id="1114" lat="40.64588137324" lon="28.18289846508">
    <tag k="local_x" v="15.1979"/>
    <tag k="local_y" v="120.3043"/>
    <tag k="ele" v="-2.8044"/>
  </node>
  <node id="1115" lat="40.64588574758" lon="28.18289818016">
    <tag k="local_x" v="15.1673"/>
    <tag k="local_y" v="120.7895"/>
    <tag k="ele" v="-2.7965"/>
  </node>
  <node id="1116" lat="40.64589015896" lon="28.18289790241">
    <tag k="local_x" v="15.1373"/>
    <tag k="local_y" v="121.2789"/>
    <tag k="ele" v="-2.7885"/>
  </node>
  <node id="1117" lat="40.64589451264" lon="28.18289761229">
    <tag k="local_x" v="15.1062"/>
    <tag k="local_y" v="121.7619"/>
    <tag k="ele" v="-2.7805"/>
  </node>
  <node id="1118" lat="40.64589849387" lon="28.18289725267">
    <tag k="local_x" v="15.0699"/>
    <tag k="local_y" v="122.2034"/>
    <tag k="ele" v="-2.7737"/>
  </node>
  <node id="1119" lat="40.64590253663" lon="28.18289682231">
    <tag k="local_x" v="15.0274"/>
    <tag k="local_y" v="122.6517"/>
    <tag k="ele" v="-2.7678"/>
  </node>
  <node id="1120" lat="40.64590689370" lon="28.18289636879">
    <tag k="local_x" v="14.9826"/>
    <tag k="local_y" v="123.1348"/>
    <tag k="ele" v="-2.762"/>
  </node>
  <node id="1121" lat="40.64591121764" lon="28.18289589191">
    <tag k="local_x" v="14.9358"/>
    <tag k="local_y" v="123.6143"/>
    <tag k="ele" v="-2.7562"/>
  </node>
  <node id="1122" lat="40.64591558844" lon="28.18289541270">
    <tag k="local_x" v="14.8888"/>
    <tag k="local_y" v="124.0989"/>
    <tag k="ele" v="-2.7503"/>
  </node>
  <node id="1123" lat="40.64591995535" lon="28.18289493506">
    <tag k="local_x" v="14.8419"/>
    <tag k="local_y" v="124.5831"/>
    <tag k="ele" v="-2.7444"/>
  </node>
  <node id="1124" lat="40.64592431539" lon="28.18289445791">
    <tag k="local_x" v="14.7950"/>
    <tag k="local_y" v="125.0666"/>
    <tag k="ele" v="-2.7386"/>
  </node>
  <node id="1125" lat="40.64592867627" lon="28.18289396248">
    <tag k="local_x" v="14.7466"/>
    <tag k="local_y" v="125.5501"/>
    <tag k="ele" v="-2.7328"/>
  </node>
  <node id="1126" lat="40.64593303530" lon="28.18289346341">
    <tag k="local_x" v="14.6979"/>
    <tag k="local_y" v="126.0334"/>
    <tag k="ele" v="-2.727"/>
  </node>
  <node id="1127" lat="40.64593738942" lon="28.18289296355">
    <tag k="local_x" v="14.6491"/>
    <tag k="local_y" v="126.5162"/>
    <tag k="ele" v="-2.7211"/>
  </node>
  <node id="1128" lat="40.64594175012" lon="28.18289246322">
    <tag k="local_x" v="14.6003"/>
    <tag k="local_y" v="126.9997"/>
    <tag k="ele" v="-2.7153"/>
  </node>
  <node id="1129" lat="40.64594611384" lon="28.18289195012">
    <tag k="local_x" v="14.5504"/>
    <tag k="local_y" v="127.4835"/>
    <tag k="ele" v="-2.7095"/>
  </node>
  <node id="1130" lat="40.64595047367" lon="28.18289143185">
    <tag k="local_x" v="14.5001"/>
    <tag k="local_y" v="127.9669"/>
    <tag k="ele" v="-2.7037"/>
  </node>
  <node id="1131" lat="40.64595483181" lon="28.18289091369">
    <tag k="local_x" v="14.4498"/>
    <tag k="local_y" v="128.4501"/>
    <tag k="ele" v="-2.6978"/>
  </node>
  <node id="1132" lat="40.64595919163" lon="28.18289039544">
    <tag k="local_x" v="14.3994"/>
    <tag k="local_y" v="128.9334"/>
    <tag k="ele" v="-2.692"/>
  </node>
  <node id="1133" lat="40.64596354954" lon="28.18288987257">
    <tag k="local_x" v="14.3487"/>
    <tag k="local_y" v="129.4166"/>
    <tag k="ele" v="-2.6862"/>
  </node>
  <node id="1134" lat="40.64596790902" lon="28.18288934643">
    <tag k="local_x" v="14.2977"/>
    <tag k="local_y" v="129.8999"/>
    <tag k="ele" v="-2.6805"/>
  </node>
  <node id="1135" lat="40.64597229012" lon="28.18288882331">
    <tag k="local_x" v="14.2470"/>
    <tag k="local_y" v="130.3857"/>
    <tag k="ele" v="-2.6751"/>
  </node>
  <node id="1136" lat="40.64597653384" lon="28.18288829511">
    <tag k="local_x" v="14.1960"/>
    <tag k="local_y" v="130.8562"/>
    <tag k="ele" v="-2.6679"/>
  </node>
  <node id="1137" lat="40.64598103061" lon="28.18288772278">
    <tag k="local_x" v="14.1409"/>
    <tag k="local_y" v="131.3547"/>
    <tag k="ele" v="-2.6581"/>
  </node>
  <node id="1138" lat="40.64598495045" lon="28.18288717557">
    <tag k="local_x" v="14.0887"/>
    <tag k="local_y" v="131.7892"/>
    <tag k="ele" v="-2.6463"/>
  </node>
  <node id="1493" lat="40.64762104779" lon="28.18204808497">
    <tag k="local_x" v="-59.2997"/>
    <tag k="local_y" v="312.4523"/>
    <tag k="ele" v="-1.7195"/>
  </node>
  <node id="1494" lat="40.64763582781" lon="28.18201460319">
    <tag k="local_x" v="-62.1526"/>
    <tag k="local_y" v="314.0550"/>
    <tag k="ele" v="-1.8534"/>
  </node>
  <node id="1496" lat="40.64760037694" lon="28.18202539108">
    <tag k="local_x" v="-61.1876"/>
    <tag k="local_y" v="310.1319"/>
    <tag k="ele" v="-1.7195"/>
  </node>
  <node id="1497" lat="40.64761455808" lon="28.18199216062">
    <tag k="local_x" v="-64.0184"/>
    <tag k="local_y" v="311.6684"/>
    <tag k="ele" v="-1.8534"/>
  </node>
  <node id="1500" lat="40.64764799890" lon="28.18197782993">
    <tag k="local_x" v="-65.2800"/>
    <tag k="local_y" v="315.3642"/>
    <tag k="ele" v="-1.8535"/>
  </node>
  <node id="1501" lat="40.64762430568" lon="28.18195916741">
    <tag k="local_x" v="-66.8226"/>
    <tag k="local_y" v="312.7129"/>
    <tag k="ele" v="-1.8535"/>
  </node>
  <node id="1502" lat="40.64765103201" lon="28.18193002621">
    <tag k="local_x" v="-69.3263"/>
    <tag k="local_y" v="315.6466"/>
    <tag k="ele" v="-1.8389"/>
  </node>
  <node id="1503" lat="40.64762431491" lon="28.18192431550">
    <tag k="local_x" v="-69.7693"/>
    <tag k="local_y" v="312.6744"/>
    <tag k="ele" v="-1.8389"/>
  </node>
  <node id="1506" lat="40.64765109412" lon="28.18189015059">
    <tag k="local_x" v="-72.6979"/>
    <tag k="local_y" v="315.6082"/>
    <tag k="ele" v="-1.7438"/>
  </node>
  <node id="1507" lat="40.64762409636" lon="28.18188913613">
    <tag k="local_x" v="-72.7434"/>
    <tag k="local_y" v="312.6101"/>
    <tag k="ele" v="-1.7438"/>
  </node>
  <node id="1508" lat="40.64764807046" lon="28.18186049108">
    <tag k="local_x" v="-75.2011"/>
    <tag k="local_y" v="315.2388"/>
    <tag k="ele" v="-1.7427"/>
  </node>
  <node id="1509" lat="40.64762148694" lon="28.18186620194">
    <tag k="local_x" v="-74.6786"/>
    <tag k="local_y" v="312.2944"/>
    <tag k="ele" v="-1.7427"/>
  </node>
  <node id="1510" lat="40.64763608972" lon="28.18182355778">
    <tag k="local_x" v="-78.3060"/>
    <tag k="local_y" v="313.8669"/>
    <tag k="ele" v="-1.6567"/>
  </node>
  <node id="1511" lat="40.64761397198" lon="28.18184213840">
    <tag k="local_x" v="-76.7020"/>
    <tag k="local_y" v="311.4328"/>
    <tag k="ele" v="-1.6567"/>
  </node>
  <node id="1512" lat="40.64760588166" lon="28.18178163525">
    <tag k="local_x" v="-81.8055"/>
    <tag k="local_y" v="310.4660"/>
    <tag k="ele" v="-1.6214"/>
  </node>
  <node id="1513" lat="40.64758747100" lon="28.18180755021">
    <tag k="local_x" v="-79.5869"/>
    <tag k="local_y" v="308.4517"/>
    <tag k="ele" v="-1.6214"/>
  </node>
  <node id="1514" lat="40.64756397770" lon="28.18173479538">
    <tag k="local_x" v="-85.7033"/>
    <tag k="local_y" v="305.7612"/>
    <tag k="ele" v="-1.6041"/>
  </node>
  <node id="1515" lat="40.64754708964" lon="28.18176249003">
    <tag k="local_x" v="-83.3365"/>
    <tag k="local_y" v="303.9180"/>
    <tag k="ele" v="-1.6041"/>
  </node>
  <node id="1516" lat="40.64750525984" lon="28.18167470225">
    <tag k="local_x" v="-90.6967"/>
    <tag k="local_y" v="299.1749"/>
    <tag k="ele" v="-1.5998"/>
  </node>
  <node id="1517" lat="40.64748896990" lon="28.18170302191">
    <tag k="local_x" v="-88.2779"/>
    <tag k="local_y" v="297.3987"/>
    <tag k="ele" v="-1.5998"/>
  </node>
  <node id="1518" lat="40.64743212343" lon="28.18158881449">
    <tag k="local_x" v="-97.8495"/>
    <tag k="local_y" v="290.9587"/>
    <tag k="ele" v="-1.473"/>
  </node>
  <node id="1519" lat="40.64741474093" lon="28.18161557591">
    <tag k="local_x" v="-95.5608"/>
    <tag k="local_y" v="289.0595"/>
    <tag k="ele" v="-1.473"/>
  </node>
  <node id="1520" lat="40.64741864978" lon="28.18158260938">
    <tag k="local_x" v="-98.3540"/>
    <tag k="local_y" v="289.4560"/>
    <tag k="ele" v="-1.4589"/>
  </node>
  <node id="1521" lat="40.64741261707" lon="28.18157698076">
    <tag k="local_x" v="-98.8209"/>
    <tag k="local_y" v="288.7799"/>
    <tag k="ele" v="-1.4269"/>
  </node>
  <node id="1523" lat="40.64741032480" lon="28.18160380372">
    <tag k="local_x" v="-96.5496"/>
    <tag k="local_y" v="288.5559"/>
    <tag k="ele" v="-1.4589"/>
  </node>
  <node id="1524" lat="40.64740447247" lon="28.18159766166">
    <tag k="local_x" v="-97.0602"/>
    <tag k="local_y" v="287.8993"/>
    <tag k="ele" v="-1.4269"/>
  </node>
  <node id="1527" lat="40.64739950016" lon="28.18157095416">
    <tag k="local_x" v="-99.3109"/>
    <tag k="local_y" v="287.3170"/>
    <tag k="ele" v="-1.4099"/>
  </node>
  <node id="1528" lat="40.64739796067" lon="28.18159402310">
    <tag k="local_x" v="-97.3581"/>
    <tag k="local_y" v="287.1723"/>
    <tag k="ele" v="-1.4099"/>
  </node>
  <node id="1529" lat="40.64738697641" lon="28.18157107431">
    <tag k="local_x" v="-99.2821"/>
    <tag k="local_y" v="285.9269"/>
    <tag k="ele" v="-1.4213"/>
  </node>
  <node id="1530" lat="40.64739148171" lon="28.18159515434">
    <tag k="local_x" v="-97.2528"/>
    <tag k="local_y" v="286.4544"/>
    <tag k="ele" v="-1.4213"/>
  </node>
  <node id="1531" lat="40.64736800819" lon="28.18155831972">
    <tag k="local_x" v="-100.3322"/>
    <tag k="local_y" v="283.8069"/>
    <tag k="ele" v="-1.4279"/>
  </node>
  <node id="1532" lat="40.64736729529" lon="28.18158554194">
    <tag k="local_x" v="-98.0295"/>
    <tag k="local_y" v="283.7586"/>
    <tag k="ele" v="-1.4279"/>
  </node>
  <node id="1533" lat="40.64735959075" lon="28.18154169961">
    <tag k="local_x" v="-101.7249"/>
    <tag k="local_y" v="282.8536"/>
    <tag k="ele" v="-1.3978"/>
  </node>
  <node id="1534" lat="40.64734620437" lon="28.18155743917">
    <tag k="local_x" v="-100.3741"/>
    <tag k="local_y" v="281.3855"/>
    <tag k="ele" v="-1.3978"/>
  </node>
  <node id="1535" lat="40.64734037152" lon="28.18151565983">
    <tag k="local_x" v="-103.8979"/>
    <tag k="local_y" v="280.6906"/>
    <tag k="ele" v="-1.4181"/>
  </node>
  <node id="1536" lat="40.64732773026" lon="28.18153253678">
    <tag k="local_x" v="-102.4521"/>
    <tag k="local_y" v="279.3065"/>
    <tag k="ele" v="-1.4181"/>
  </node>
  <node id="1537" lat="40.64731076867" lon="28.18147298372">
    <tag k="local_x" v="-107.4621"/>
    <tag k="local_y" v="277.3560"/>
    <tag k="ele" v="-1.3515"/>
  </node>
  <node id="1538" lat="40.64729722363" lon="28.18148861678">
    <tag k="local_x" v="-106.1201"/>
    <tag k="local_y" v="275.8701"/>
    <tag k="ele" v="-1.3515"/>
  </node>
  <node id="1539" lat="40.64728065456" lon="28.18143442442">
    <tag k="local_x" v="-110.6774"/>
    <tag k="local_y" v="273.9693"/>
    <tag k="ele" v="-1.311"/>
  </node>
  <node id="1540" lat="40.64726774196" lon="28.18145091966">
    <tag k="local_x" v="-109.2635"/>
    <tag k="local_y" v="272.5547"/>
    <tag k="ele" v="-1.311"/>
  </node>
  <node id="1541" lat="40.64714291731" lon="28.18125686664">
    <tag k="local_x" v="-125.4847"/>
    <tag k="local_y" v="258.4780"/>
    <tag k="ele" v="-1.0016"/>
  </node>
  <node id="1542" lat="40.64713006511" lon="28.18127343304">
    <tag k="local_x" v="-124.0649"/>
    <tag k="local_y" v="257.0701"/>
    <tag k="ele" v="-1.0016"/>
  </node>
  <node id="1543" lat="40.64707046386" lon="28.18115653475">
    <tag k="local_x" v="-133.8599"/>
    <tag k="local_y" v="250.3212"/>
    <tag k="ele" v="-0.7364"/>
  </node>
  <node id="1544" lat="40.64705725309" lon="28.18117261293">
    <tag k="local_x" v="-132.4808"/>
    <tag k="local_y" v="248.8730"/>
    <tag k="ele" v="-0.7364"/>
  </node>
  <node id="1545" lat="40.64700484930" lon="28.18105703294">
    <tag k="local_x" v="-142.1751"/>
    <tag k="local_y" v="242.9246"/>
    <tag k="ele" v="-0.4505"/>
  </node>
  <node id="1546" lat="40.64699148691" lon="28.18107292288">
    <tag k="local_x" v="-140.8116"/>
    <tag k="local_y" v="241.4594"/>
    <tag k="ele" v="-0.4505"/>
  </node>
  <node id="1547" lat="40.64695817269" lon="28.18097857442">
    <tag k="local_x" v="-148.7393"/>
    <tag k="local_y" v="237.6541"/>
    <tag k="ele" v="-0.0911"/>
  </node>
  <node id="1548" lat="40.64694420513" lon="28.18099354146">
    <tag k="local_x" v="-147.4530"/>
    <tag k="local_y" v="236.1206"/>
    <tag k="ele" v="-0.0911"/>
  </node>
  <node id="1549" lat="40.64691262858" lon="28.18089083720">
    <tag k="local_x" v="-156.0897"/>
    <tag k="local_y" v="232.4988"/>
    <tag k="ele" v="-1.0845"/>
  </node>
  <node id="1550" lat="40.64689775847" lon="28.18090412038">
    <tag k="local_x" v="-154.9444"/>
    <tag k="local_y" v="230.8632"/>
    <tag k="ele" v="-1.0845"/>
  </node>
  <node id="1551" lat="40.64689405334" lon="28.18084855404">
    <tag k="local_x" v="-159.6371"/>
    <tag k="local_y" v="230.3889"/>
    <tag k="ele" v="0.4965"/>
  </node>
  <node id="1552" lat="40.64687810443" lon="28.18085947780">
    <tag k="local_x" v="-158.6897"/>
    <tag k="local_y" v="228.6308"/>
    <tag k="ele" v="0.4965"/>
  </node>
  <node id="1553" lat="40.64686169351" lon="28.18077325062">
    <tag k="local_x" v="-165.9559"/>
    <tag k="local_y" v="226.7112"/>
    <tag k="ele" v="0.236"/>
  </node>
  <node id="1554" lat="40.64684547750" lon="28.18078305313">
    <tag k="local_x" v="-165.1029"/>
    <tag k="local_y" v="224.9223"/>
    <tag k="ele" v="0.236"/>
  </node>
  <node id="1561" lat="40.64683356337" lon="28.18065114269">
    <tag k="local_x" v="-176.2384"/>
    <tag k="local_y" v="223.4500"/>
    <tag k="ele" v="0.2808"/>
  </node>
  <node id="1562" lat="40.64681607232" lon="28.18065672231">
    <tag k="local_x" v="-175.7405"/>
    <tag k="local_y" v="221.5147"/>
    <tag k="ele" v="0.2808"/>
  </node>
  <node id="1563" lat="40.64681639693" lon="28.18053808662">
    <tag k="local_x" v="-185.7719"/>
    <tag k="local_y" v="221.4161"/>
    <tag k="ele" v="0.2064"/>
  </node>
  <node id="1564" lat="40.64679919185" lon="28.18054501344">
    <tag k="local_x" v="-185.1606"/>
    <tag k="local_y" v="219.5141"/>
    <tag k="ele" v="0.2064"/>
  </node>
  <node id="1565" lat="40.64680794561" lon="28.18047682035">
    <tag k="local_x" v="-190.9395"/>
    <tag k="local_y" v="220.4084"/>
    <tag k="ele" v="0.2507"/>
  </node>
  <node id="1566" lat="40.64679057799" lon="28.18048415956">
    <tag k="local_x" v="-190.2930"/>
    <tag k="local_y" v="218.4888"/>
    <tag k="ele" v="0.2507"/>
  </node>
  <node id="1567" lat="40.64680724075" lon="28.18042104150">
    <tag k="local_x" v="-195.6546"/>
    <tag k="local_y" v="220.2669"/>
    <tag k="ele" v="0.1908"/>
  </node>
  <node id="1568" lat="40.64678931734" lon="28.18042358836">
    <tag k="local_x" v="-195.4126"/>
    <tag k="local_y" v="218.2802"/>
    <tag k="ele" v="0.1908"/>
  </node>
  <node id="1569" lat="40.64680504264" lon="28.18034773316">
    <tag k="local_x" v="-201.8497"/>
    <tag k="local_y" v="219.9397"/>
    <tag k="ele" v="0.4705"/>
  </node>
  <node id="1570" lat="40.64678708031" lon="28.18034966568">
    <tag k="local_x" v="-201.6595"/>
    <tag k="local_y" v="217.9479"/>
    <tag k="ele" v="0.4705"/>
  </node>
  <node id="1571" lat="40.64680277095" lon="28.18025967640">
    <tag k="local_x" v="-209.2916"/>
    <tag k="local_y" v="219.5876"/>
    <tag k="ele" v="1.2542"/>
  </node>
  <node id="1572" lat="40.64678478023" lon="28.18026086960">
    <tag k="local_x" v="-209.1640"/>
    <tag k="local_y" v="217.5919"/>
    <tag k="ele" v="1.2542"/>
  </node>
  <node id="1573" lat="40.64679633993" lon="28.18011267053">
    <tag k="local_x" v="-221.7117"/>
    <tag k="local_y" v="218.7069"/>
    <tag k="ele" v="1.0716"/>
  </node>
  <node id="1574" lat="40.64677836359" lon="28.18011420711">
    <tag k="local_x" v="-221.5550"/>
    <tag k="local_y" v="216.7132"/>
    <tag k="ele" v="1.0716"/>
  </node>
  <node id="1575" lat="40.64679352004" lon="28.17995785199">
    <tag k="local_x" v="-234.7976"/>
    <tag k="local_y" v="218.2182"/>
    <tag k="ele" v="1.7278"/>
  </node>
  <node id="1576" lat="40.64677550852" lon="28.17995827271">
    <tag k="local_x" v="-234.7352"/>
    <tag k="local_y" v="216.2193"/>
    <tag k="ele" v="1.7278"/>
  </node>
  <node id="1581" lat="40.64679333680" lon="28.17955071945">
    <tag k="local_x" v="-269.2211"/>
    <tag k="local_y" v="217.7361"/>
    <tag k="ele" v="1.7091"/>
  </node>
  <node id="1582" lat="40.64677532221" lon="28.17955084102">
    <tag k="local_x" v="-269.1840"/>
    <tag k="local_y" v="215.7365"/>
    <tag k="ele" v="1.7091"/>
  </node>
  <node id="1583" lat="40.64679416270" lon="28.17947193070">
    <tag k="local_x" v="-275.8840"/>
    <tag k="local_y" v="217.7385"/>
    <tag k="ele" v="1.6098"/>
  </node>
  <node id="1584" lat="40.64677615084" lon="28.17947151540">
    <tag k="local_x" v="-275.8923"/>
    <tag k="local_y" v="215.7385"/>
    <tag k="ele" v="1.6098"/>
  </node>
  <node id="1585" lat="40.64679161985" lon="28.17936010039">
    <tag k="local_x" v="-285.3357"/>
    <tag k="local_y" v="217.3294"/>
    <tag k="ele" v="1.2835"/>
  </node>
  <node id="1586" lat="40.64677362780" lon="28.17936104470">
    <tag k="local_x" v="-285.2290"/>
    <tag k="local_y" v="215.3332"/>
    <tag k="ele" v="1.2835"/>
  </node>
  <node id="1587" lat="40.64678719329" lon="28.17928569297">
    <tag k="local_x" v="-291.6203"/>
    <tag k="local_y" v="216.7536"/>
    <tag k="ele" v="1.09"/>
  </node>
  <node id="1588" lat="40.64676925259" lon="28.17928787761">
    <tag k="local_x" v="-291.4089"/>
    <tag k="local_y" v="214.7646"/>
    <tag k="ele" v="1.09"/>
  </node>
  <node id="1589" lat="40.64678436803" lon="28.17920763716">
    <tag k="local_x" v="-298.2159"/>
    <tag k="local_y" v="216.3515"/>
    <tag k="ele" v="1.0181"/>
  </node>
  <node id="1590" lat="40.64676636412" lon="28.17920860137">
    <tag k="local_x" v="-298.1076"/>
    <tag k="local_y" v="214.3541"/>
    <tag k="ele" v="1.0181"/>
  </node>
  <node id="1593" lat="40.64677680218" lon="28.17909043766">
    <tag k="local_x" v="-308.1140"/>
    <tag k="local_y" v="215.3788"/>
    <tag k="ele" v="0.6911"/>
  </node>
  <node id="1594" lat="40.64675878770" lon="28.17909182385">
    <tag k="local_x" v="-307.9700"/>
    <tag k="local_y" v="213.3807"/>
    <tag k="ele" v="0.6911"/>
  </node>
  <node id="1595" lat="40.64676578091" lon="28.17902917613">
    <tag k="local_x" v="-313.2774"/>
    <tag k="local_y" v="214.0859"/>
    <tag k="ele" v="0.429"/>
  </node>
  <node id="1596" lat="40.64674820390" lon="28.17903439456">
    <tag k="local_x" v="-312.8100"/>
    <tag k="local_y" v="212.1407"/>
    <tag k="ele" v="0.429"/>
  </node>
  <node id="1597" lat="40.64674276039" lon="28.17895924451">
    <tag k="local_x" v="-319.1560"/>
    <tag k="local_y" v="211.4512"/>
    <tag k="ele" v="0.294"/>
  </node>
  <node id="1598" lat="40.64672623088" lon="28.17896865367">
    <tag k="local_x" v="-318.3358"/>
    <tag k="local_y" v="209.6270"/>
    <tag k="ele" v="0.294"/>
  </node>
  <node id="1599" lat="40.64671893127" lon="28.17890282367">
    <tag k="local_x" v="-323.8910"/>
    <tag k="local_y" v="208.7421"/>
    <tag k="ele" v="-0.0023"/>
  </node>
  <node id="1600" lat="40.64670314955" lon="28.17891424173">
    <tag k="local_x" v="-322.9021"/>
    <tag k="local_y" v="207.0032"/>
    <tag k="ele" v="-0.0023"/>
  </node>
  <node id="1603" lat="40.64669107768" lon="28.17884604144">
    <tag k="local_x" v="-328.6506"/>
    <tag k="local_y" v="205.5858"/>
    <tag k="ele" v="-0.1865"/>
  </node>
  <node id="1604" lat="40.64667586488" lon="28.17885872335">
    <tag k="local_x" v="-327.5557"/>
    <tag k="local_y" v="203.9115"/>
    <tag k="ele" v="-0.1865"/>
  </node>
  <node id="1605" lat="40.64665971022" lon="28.17879087953">
    <tag k="local_x" v="-333.2679"/>
    <tag k="local_y" v="202.0413"/>
    <tag k="ele" v="-0.3366"/>
  </node>
  <node id="1606" lat="40.64664536225" lon="28.17880516077">
    <tag k="local_x" v="-332.0391"/>
    <tag k="local_y" v="200.4648"/>
    <tag k="ele" v="-0.3366"/>
  </node>
  <node id="1607" lat="40.64662434574" lon="28.17874938994">
    <tag k="local_x" v="-336.7233"/>
    <tag k="local_y" v="198.0686"/>
    <tag k="ele" v="-0.4781"/>
  </node>
  <node id="1608" lat="40.64661264861" lon="28.17876735558">
    <tag k="local_x" v="-335.1869"/>
    <tag k="local_y" v="196.7906"/>
    <tag k="ele" v="-0.4781"/>
  </node>
  <node id="1609" lat="40.64658578421" lon="28.17871852154">
    <tag k="local_x" v="-339.2760"/>
    <tag k="local_y" v="193.7531"/>
    <tag k="ele" v="-0.539"/>
  </node>
  <node id="1610" lat="40.64657629188" lon="28.17873864588">
    <tag k="local_x" v="-337.5603"/>
    <tag k="local_y" v="192.7222"/>
    <tag k="ele" v="-0.539"/>
  </node>
  <node id="1611" lat="40.64653817861" lon="28.17869090776">
    <tag k="local_x" v="-341.5399"/>
    <tag k="local_y" v="188.4373"/>
    <tag k="ele" v="-0.5195"/>
  </node>
  <node id="1612" lat="40.64653088391" lon="28.17871253268">
    <tag k="local_x" v="-339.7007"/>
    <tag k="local_y" v="187.6520"/>
    <tag k="ele" v="-0.5195"/>
  </node>
  <node id="1613" lat="40.64649576223" lon="28.17867204649">
    <tag k="local_x" v="-343.0716"/>
    <tag k="local_y" v="183.7074"/>
    <tag k="ele" v="-0.4792"/>
  </node>
  <node id="1614" lat="40.64649018291" lon="28.17869452482">
    <tag k="local_x" v="-341.1627"/>
    <tag k="local_y" v="183.1136"/>
    <tag k="ele" v="-0.4792"/>
  </node>
  <node id="1615" lat="40.64645488948" lon="28.17866009376">
    <tag k="local_x" v="-344.0214"/>
    <tag k="local_y" v="179.1567"/>
    <tag k="ele" v="-0.3685"/>
  </node>
  <node id="1616" lat="40.64645135105" lon="28.17868329066">
    <tag k="local_x" v="-342.0548"/>
    <tag k="local_y" v="178.7902"/>
    <tag k="ele" v="-0.3685"/>
  </node>
  <node id="1617" lat="40.64641244058" lon="28.17864640786">
    <tag k="local_x" v="-345.1154"/>
    <tag k="local_y" v="174.4291"/>
    <tag k="ele" v="-0.3013"/>
  </node>
  <node id="1618" lat="40.64640853665" lon="28.17866948409">
    <tag k="local_x" v="-343.1585"/>
    <tag k="local_y" v="174.0219"/>
    <tag k="ele" v="-0.3013"/>
  </node>
  <node id="1619" lat="40.64636271221" lon="28.17863353525">
    <tag k="local_x" v="-346.1299"/>
    <tag k="local_y" v="168.8944"/>
    <tag k="ele" v="-0.141"/>
  </node>
  <node id="1620" lat="40.64635953149" lon="28.17865681636">
    <tag k="local_x" v="-344.1567"/>
    <tag k="local_y" v="168.5677"/>
    <tag k="ele" v="-0.141"/>
  </node>
  <node id="1621" lat="40.64631276753" lon="28.17862084665">
    <tag k="local_x" v="-347.1284"/>
    <tag k="local_y" v="163.3358"/>
    <tag k="ele" v="0.0242"/>
  </node>
  <node id="1622" lat="40.64630955652" lon="28.17864411699">
    <tag k="local_x" v="-345.1561"/>
    <tag k="local_y" v="163.0058"/>
    <tag k="ele" v="0.0242"/>
  </node>
  <node id="1623" lat="40.64626892034" lon="28.17861080259">
    <tag k="local_x" v="-347.9124"/>
    <tag k="local_y" v="158.4571"/>
    <tag k="ele" v="0.1729"/>
  </node>
  <node id="1624" lat="40.64626605263" lon="28.17863414995">
    <tag k="local_x" v="-345.9341"/>
    <tag k="local_y" v="158.1653"/>
    <tag k="ele" v="0.1729"/>
  </node>
  <node id="1625" lat="40.64621714812" lon="28.17859925821">
    <tag k="local_x" v="-348.8115"/>
    <tag k="local_y" v="152.6970"/>
    <tag k="ele" v="0.3458"/>
  </node>
  <node id="1626" lat="40.64621447514" lon="28.17862262751">
    <tag k="local_x" v="-346.8316"/>
    <tag k="local_y" v="152.4268"/>
    <tag k="ele" v="0.3458"/>
  </node>
  <node id="1629" lat="40.64608588908" lon="28.17858517545">
    <tag k="local_x" v="-349.8070"/>
    <tag k="local_y" v="138.1105"/>
    <tag k="ele" v="1.0851"/>
  </node>
  <node id="1630" lat="40.64608444209" lon="28.17860874106">
    <tag k="local_x" v="-347.8123"/>
    <tag k="local_y" v="137.9766"/>
    <tag k="ele" v="1.0851"/>
  </node>
  <node id="1631" lat="40.64603169206" lon="28.17858135669">
    <tag k="local_x" v="-350.0493"/>
    <tag k="local_y" v="132.0900"/>
    <tag k="ele" v="1.2705"/>
  </node>
  <node id="1632" lat="40.64603030687" lon="28.17860498979">
    <tag k="local_x" v="-348.0490"/>
    <tag k="local_y" v="131.9630"/>
    <tag k="ele" v="1.2705"/>
  </node>
  <node id="1633" lat="40.64596500896" lon="28.17858209121">
    <tag k="local_x" v="-349.8880"/>
    <tag k="local_y" v="124.6886"/>
    <tag k="ele" v="1.6306"/>
  </node>
  <node id="1634" lat="40.64596455595" lon="28.17860574832">
    <tag k="local_x" v="-347.8870"/>
    <tag k="local_y" v="124.6651"/>
    <tag k="ele" v="1.6306"/>
  </node>
  <node id="1635" lat="40.64592633055" lon="28.17858422957">
    <tag k="local_x" v="-349.6496"/>
    <tag k="local_y" v="120.3974"/>
    <tag k="ele" v="1.923"/>
  </node>
  <node id="1636" lat="40.64592682883" lon="28.17860787243">
    <tag k="local_x" v="-347.6513"/>
    <tag k="local_y" v="120.4795"/>
    <tag k="ele" v="1.923"/>
  </node>
  <node id="1639" lat="40.64586215563" lon="28.17858756618">
    <tag k="local_x" v="-349.2720"/>
    <tag k="local_y" v="113.2774"/>
    <tag k="ele" v="2.3004"/>
  </node>
  <node id="1640" lat="40.64586278097" lon="28.17861120380">
    <tag k="local_x" v="-347.2743"/>
    <tag k="local_y" v="113.3736"/>
    <tag k="ele" v="2.3004"/>
  </node>
  <node id="1641" lat="40.64579855210" lon="28.17859012658">
    <tag k="local_x" v="-348.9609"/>
    <tag k="local_y" v="106.2199"/>
    <tag k="ele" v="2.6842"/>
  </node>
  <node id="1642" lat="40.64579906479" lon="28.17861376815">
    <tag k="local_x" v="-346.9627"/>
    <tag k="local_y" v="106.3036"/>
    <tag k="ele" v="2.6842"/>
  </node>
  <node id="1643" lat="40.64574058442" lon="28.17859257556">
    <tag k="local_x" v="-348.6676"/>
    <tag k="local_y" v="99.7879"/>
    <tag k="ele" v="2.9589"/>
  </node>
  <node id="1645" lat="40.64574116379" lon="28.17861621473">
    <tag k="local_x" v="-346.6697"/>
    <tag k="local_y" v="99.8790"/>
    <tag k="ele" v="2.9589"/>
  </node>
  <node id="1648" lat="40.64570273020" lon="28.17859465341">
    <tag k="local_x" v="-348.4356"/>
    <tag k="local_y" v="95.5882"/>
    <tag k="ele" v="3.2355"/>
  </node>
  <node id="1649" lat="40.64570348352" lon="28.17861828499">
    <tag k="local_x" v="-346.4386"/>
    <tag k="local_y" v="95.6986"/>
    <tag k="ele" v="3.2355"/>
  </node>
  <node id="1699" lat="40.64741453246" lon="28.18159312801">
    <tag k="local_x" v="-97.4585"/>
    <tag k="local_y" v="289.0109"/>
    <tag k="ele" v="-1.4589"/>
  </node>
  <node id="1700" lat="40.64740948444" lon="28.18158881385">
    <tag k="local_x" v="-97.8158"/>
    <tag k="local_y" v="288.4456"/>
    <tag k="ele" v="-1.4365"/>
  </node>
  <node id="1701" lat="40.64740368165" lon="28.18158529422">
    <tag k="local_x" v="-98.1047"/>
    <tag k="local_y" v="287.7975"/>
    <tag k="ele" v="-1.4205"/>
  </node>
  <node id="1702" lat="40.64739759581" lon="28.18158314302">
    <tag k="local_x" v="-98.2775"/>
    <tag k="local_y" v="287.1195"/>
    <tag k="ele" v="-1.4131"/>
  </node>
  <node id="1703" lat="40.64739096226" lon="28.18158222111">
    <tag k="local_x" v="-98.3456"/>
    <tag k="local_y" v="286.3820"/>
    <tag k="ele" v="-1.4194"/>
  </node>
  <node id="1704" lat="40.64738032052" lon="28.18157920946">
    <tag k="local_x" v="-98.5843"/>
    <tag k="local_y" v="285.1973"/>
    <tag k="ele" v="-1.4243"/>
  </node>
  <node id="1705" lat="40.64736950245" lon="28.18157321275">
    <tag k="local_x" v="-99.0752"/>
    <tag k="local_y" v="283.9896"/>
    <tag k="ele" v="-1.4263"/>
  </node>
  <node id="1706" lat="40.64735926761" lon="28.18155982084">
    <tag k="local_x" v="-100.1923"/>
    <tag k="local_y" v="282.8383"/>
    <tag k="ele" v="-1.4133"/>
  </node>
  <node id="1707" lat="40.64735350373" lon="28.18155047586">
    <tag k="local_x" v="-100.9738"/>
    <tag k="local_y" v="282.1879"/>
    <tag k="ele" v="-1.4012"/>
  </node>
  <node id="1708" lat="40.64734788287" lon="28.18154252710">
    <tag k="local_x" v="-101.6375"/>
    <tag k="local_y" v="281.5549"/>
    <tag k="ele" v="-1.4034"/>
  </node>
  <node id="1709" lat="40.64734161016" lon="28.18153412796">
    <tag k="local_x" v="-102.3383"/>
    <tag k="local_y" v="280.8490"/>
    <tag k="ele" v="-1.4103"/>
  </node>
  <node id="1710" lat="40.64733527645" lon="28.18152563931">
    <tag k="local_x" v="-103.0466"/>
    <tag k="local_y" v="280.1363"/>
    <tag k="ele" v="-1.4156"/>
  </node>
  <node id="1711" lat="40.64732882379" lon="28.18151641331">
    <tag k="local_x" v="-103.8170"/>
    <tag k="local_y" v="279.4095"/>
    <tag k="ele" v="-1.4064"/>
  </node>
  <node id="1712" lat="40.64732271638" lon="28.18150746174">
    <tag k="local_x" v="-104.5648"/>
    <tag k="local_y" v="278.7214"/>
    <tag k="ele" v="-1.3931"/>
  </node>
  <node id="1713" lat="40.64731664565" lon="28.18149875790">
    <tag k="local_x" v="-105.2916"/>
    <tag k="local_y" v="278.0376"/>
    <tag k="ele" v="-1.3797"/>
  </node>
  <node id="1714" lat="40.64731055689" lon="28.18149007110">
    <tag k="local_x" v="-106.0170"/>
    <tag k="local_y" v="277.3519"/>
    <tag k="ele" v="-1.3664"/>
  </node>
  <node id="1715" lat="40.64730444792" lon="28.18148154014">
    <tag k="local_x" v="-106.7292"/>
    <tag k="local_y" v="276.6641"/>
    <tag k="ele" v="-1.3537"/>
  </node>
  <node id="1716" lat="40.64729832782" lon="28.18147356498">
    <tag k="local_x" v="-107.3944"/>
    <tag k="local_y" v="275.9756"/>
    <tag k="ele" v="-1.3439"/>
  </node>
  <node id="1717" lat="40.64729198342" lon="28.18146546858">
    <tag k="local_x" v="-108.0695"/>
    <tag k="local_y" v="275.2622"/>
    <tag k="ele" v="-1.3352"/>
  </node>
  <node id="1718" lat="40.64728553951" lon="28.18145723545">
    <tag k="local_x" v="-108.7560"/>
    <tag k="local_y" v="274.5375"/>
    <tag k="ele" v="-1.3264"/>
  </node>
  <node id="1719" lat="40.64727910995" lon="28.18144898245">
    <tag k="local_x" v="-109.4442"/>
    <tag k="local_y" v="273.8144"/>
    <tag k="ele" v="-1.3177"/>
  </node>
  <node id="1720" lat="40.64727268725" lon="28.18144075036">
    <tag k="local_x" v="-110.1307"/>
    <tag k="local_y" v="273.0921"/>
    <tag k="ele" v="-1.3074"/>
  </node>
  <node id="1721" lat="40.64726627548" lon="28.18143254777">
    <tag k="local_x" v="-110.8146"/>
    <tag k="local_y" v="272.3710"/>
    <tag k="ele" v="-1.2932"/>
  </node>
  <node id="1722" lat="40.64725984087" lon="28.18142430900">
    <tag k="local_x" v="-111.5016"/>
    <tag k="local_y" v="271.6474"/>
    <tag k="ele" v="-1.2788"/>
  </node>
  <node id="1723" lat="40.64725341243" lon="28.18141605726">
    <tag k="local_x" v="-112.1897"/>
    <tag k="local_y" v="270.9244"/>
    <tag k="ele" v="-1.2643"/>
  </node>
  <node id="1724" lat="40.64724698680" lon="28.18140780483">
    <tag k="local_x" v="-112.8779"/>
    <tag k="local_y" v="270.2018"/>
    <tag k="ele" v="-1.2499"/>
  </node>
  <node id="1725" lat="40.64724056111" lon="28.18139954777">
    <tag k="local_x" v="-113.5665"/>
    <tag k="local_y" v="269.4791"/>
    <tag k="ele" v="-1.2355"/>
  </node>
  <node id="1726" lat="40.64723413643" lon="28.18139129117">
    <tag k="local_x" v="-114.2550"/>
    <tag k="local_y" v="268.7565"/>
    <tag k="ele" v="-1.221"/>
  </node>
  <node id="1727" lat="40.64722770923" lon="28.18138303720">
    <tag k="local_x" v="-114.9433"/>
    <tag k="local_y" v="268.0337"/>
    <tag k="ele" v="-1.2066"/>
  </node>
  <node id="1728" lat="40.64722128171" lon="28.18137478607">
    <tag k="local_x" v="-115.6314"/>
    <tag k="local_y" v="267.3108"/>
    <tag k="ele" v="-1.1921"/>
  </node>
  <node id="1729" lat="40.64721485180" lon="28.18136653624">
    <tag k="local_x" v="-116.3193"/>
    <tag k="local_y" v="266.5877"/>
    <tag k="ele" v="-1.1777"/>
  </node>
  <node id="1730" lat="40.64720842139" lon="28.18135828704">
    <tag k="local_x" v="-117.0072"/>
    <tag k="local_y" v="265.8645"/>
    <tag k="ele" v="-1.1633"/>
  </node>
  <node id="1731" lat="40.64720199390" lon="28.18135003716">
    <tag k="local_x" v="-117.6951"/>
    <tag k="local_y" v="265.1416"/>
    <tag k="ele" v="-1.1488"/>
  </node>
  <node id="1732" lat="40.64719556559" lon="28.18134178332">
    <tag k="local_x" v="-118.3834"/>
    <tag k="local_y" v="264.4187"/>
    <tag k="ele" v="-1.1344"/>
  </node>
  <node id="1733" lat="40.64718914525" lon="28.18133352037">
    <tag k="local_x" v="-119.0725"/>
    <tag k="local_y" v="263.6966"/>
    <tag k="ele" v="-1.12"/>
  </node>
  <node id="1734" lat="40.64718272761" lon="28.18132525666">
    <tag k="local_x" v="-119.7616"/>
    <tag k="local_y" v="262.9748"/>
    <tag k="ele" v="-1.1055"/>
  </node>
  <node id="1735" lat="40.64717631978" lon="28.18131697835">
    <tag k="local_x" v="-120.4520"/>
    <tag k="local_y" v="262.2541"/>
    <tag k="ele" v="-1.0911"/>
  </node>
  <node id="1736" lat="40.64716991520" lon="28.18130869586">
    <tag k="local_x" v="-121.1428"/>
    <tag k="local_y" v="261.5338"/>
    <tag k="ele" v="-1.0767"/>
  </node>
  <node id="1737" lat="40.64716352212" lon="28.18130039854">
    <tag k="local_x" v="-121.8348"/>
    <tag k="local_y" v="260.8147"/>
    <tag k="ele" v="-1.0622"/>
  </node>
  <node id="1738" lat="40.64715713266" lon="28.18129209656">
    <tag k="local_x" v="-122.5272"/>
    <tag k="local_y" v="260.0960"/>
    <tag k="ele" v="-1.0478"/>
  </node>
  <node id="1739" lat="40.64715075342" lon="28.18128378376">
    <tag k="local_x" v="-123.2205"/>
    <tag k="local_y" v="259.3784"/>
    <tag k="ele" v="-1.0334"/>
  </node>
  <node id="1740" lat="40.64714437629" lon="28.18127546587">
    <tag k="local_x" v="-123.9143"/>
    <tag k="local_y" v="258.6610"/>
    <tag k="ele" v="-1.0189"/>
  </node>
  <node id="1741" lat="40.64713799398" lon="28.18126709160">
    <tag k="local_x" v="-124.6129"/>
    <tag k="local_y" v="257.9431"/>
    <tag k="ele" v="-1.0039"/>
  </node>
  <node id="1742" lat="40.64713154960" lon="28.18125830947">
    <tag k="local_x" v="-125.3458"/>
    <tag k="local_y" v="257.2177"/>
    <tag k="ele" v="-0.9835"/>
  </node>
  <node id="1743" lat="40.64712527715" lon="28.18124962073">
    <tag k="local_x" v="-126.0711"/>
    <tag k="local_y" v="256.5116"/>
    <tag k="ele" v="-0.9609"/>
  </node>
  <node id="1744" lat="40.64711909469" lon="28.18124105893">
    <tag k="local_x" v="-126.7858"/>
    <tag k="local_y" v="255.8155"/>
    <tag k="ele" v="-0.9382"/>
  </node>
  <node id="1745" lat="40.64711290927" lon="28.18123249869">
    <tag k="local_x" v="-127.5003"/>
    <tag k="local_y" v="255.1192"/>
    <tag k="ele" v="-0.9156"/>
  </node>
  <node id="1746" lat="40.64710672300" lon="28.18122394053">
    <tag k="local_x" v="-128.2147"/>
    <tag k="local_y" v="254.4228"/>
    <tag k="ele" v="-0.893"/>
  </node>
  <node id="1747" lat="40.64710053290" lon="28.18121538056">
    <tag k="local_x" v="-128.9292"/>
    <tag k="local_y" v="253.7259"/>
    <tag k="ele" v="-0.8703"/>
  </node>
  <node id="1748" lat="40.64709434439" lon="28.18120682617">
    <tag k="local_x" v="-129.6433"/>
    <tag k="local_y" v="253.0292"/>
    <tag k="ele" v="-0.8477"/>
  </node>
  <node id="1749" lat="40.64708815596" lon="28.18119826959">
    <tag k="local_x" v="-130.3575"/>
    <tag k="local_y" v="252.3326"/>
    <tag k="ele" v="-0.8251"/>
  </node>
  <node id="1750" lat="40.64708196785" lon="28.18118971263">
    <tag k="local_x" v="-131.0718"/>
    <tag k="local_y" v="251.6359"/>
    <tag k="ele" v="-0.8024"/>
  </node>
  <node id="1751" lat="40.64707578637" lon="28.18118114872">
    <tag k="local_x" v="-131.7867"/>
    <tag k="local_y" v="250.9400"/>
    <tag k="ele" v="-0.7798"/>
  </node>
  <node id="1752" lat="40.64706960579" lon="28.18117257705">
    <tag k="local_x" v="-132.5022"/>
    <tag k="local_y" v="250.2442"/>
    <tag k="ele" v="-0.7572"/>
  </node>
  <node id="1753" lat="40.64706340577" lon="28.18116382227">
    <tag k="local_x" v="-133.2332"/>
    <tag k="local_y" v="249.5460"/>
    <tag k="ele" v="-0.7338"/>
  </node>
  <node id="1754" lat="40.64705720406" lon="28.18115473782">
    <tag k="local_x" v="-133.9921"/>
    <tag k="local_y" v="248.8473"/>
    <tag k="ele" v="-0.7085"/>
  </node>
  <node id="1755" lat="40.64705120508" lon="28.18114581682">
    <tag k="local_x" v="-134.7374"/>
    <tag k="local_y" v="248.1712"/>
    <tag k="ele" v="-0.6827"/>
  </node>
  <node id="1756" lat="40.64704526471" lon="28.18113696016">
    <tag k="local_x" v="-135.4774"/>
    <tag k="local_y" v="247.5017"/>
    <tag k="ele" v="-0.657"/>
  </node>
  <node id="1757" lat="40.64703935044" lon="28.18112807908">
    <tag k="local_x" v="-136.2195"/>
    <tag k="local_y" v="246.8351"/>
    <tag k="ele" v="-0.6312"/>
  </node>
  <node id="1758" lat="40.64703344511" lon="28.18111918545">
    <tag k="local_x" v="-136.9626"/>
    <tag k="local_y" v="246.1695"/>
    <tag k="ele" v="-0.6054"/>
  </node>
  <node id="1759" lat="40.64702756620" lon="28.18111026030">
    <tag k="local_x" v="-137.7085"/>
    <tag k="local_y" v="245.5068"/>
    <tag k="ele" v="-0.5796"/>
  </node>
  <node id="1760" lat="40.64702169889" lon="28.18110132531">
    <tag k="local_x" v="-138.4552"/>
    <tag k="local_y" v="244.8453"/>
    <tag k="ele" v="-0.5539"/>
  </node>
  <node id="1761" lat="40.64701585714" lon="28.18109236071">
    <tag k="local_x" v="-139.2045"/>
    <tag k="local_y" v="244.1867"/>
    <tag k="ele" v="-0.5281"/>
  </node>
  <node id="1762" lat="40.64701002542" lon="28.18108338283">
    <tag k="local_x" v="-139.9549"/>
    <tag k="local_y" v="243.5291"/>
    <tag k="ele" v="-0.5023"/>
  </node>
  <node id="1763" lat="40.64700421622" lon="28.18107437773">
    <tag k="local_x" v="-140.7076"/>
    <tag k="local_y" v="242.8740"/>
    <tag k="ele" v="-0.4765"/>
  </node>
  <node id="1764" lat="40.64699838727" lon="28.18106518660">
    <tag k="local_x" v="-141.4760"/>
    <tag k="local_y" v="242.2166"/>
    <tag k="ele" v="-0.447"/>
  </node>
  <node id="1765" lat="40.64699258461" lon="28.18105564415">
    <tag k="local_x" v="-142.2742"/>
    <tag k="local_y" v="241.5616"/>
    <tag k="ele" v="-0.408"/>
  </node>
  <node id="1766" lat="40.64698696689" lon="28.18104622239">
    <tag k="local_x" v="-143.0625"/>
    <tag k="local_y" v="240.9273"/>
    <tag k="ele" v="-0.3651"/>
  </node>
  <node id="1767" lat="40.64698144238" lon="28.18103692684">
    <tag k="local_x" v="-143.8402"/>
    <tag k="local_y" v="240.3035"/>
    <tag k="ele" v="-0.3222"/>
  </node>
  <node id="1768" lat="40.64697592003" lon="28.18102762210">
    <tag k="local_x" v="-144.6187"/>
    <tag k="local_y" v="239.6799"/>
    <tag k="ele" v="-0.2793"/>
  </node>
  <node id="1769" lat="40.64697039858" lon="28.18101832108">
    <tag k="local_x" v="-145.3969"/>
    <tag k="local_y" v="239.0564"/>
    <tag k="ele" v="-0.2364"/>
  </node>
  <node id="1770" lat="40.64696487568" lon="28.18100901697">
    <tag k="local_x" v="-146.1753"/>
    <tag k="local_y" v="238.4328"/>
    <tag k="ele" v="-0.1935"/>
  </node>
  <node id="1771" lat="40.64695934219" lon="28.18099972596">
    <tag k="local_x" v="-146.9526"/>
    <tag k="local_y" v="237.8080"/>
    <tag k="ele" v="-0.1506"/>
  </node>
  <node id="1772" lat="40.64695379432" lon="28.18099034423">
    <tag k="local_x" v="-147.7376"/>
    <tag k="local_y" v="237.1815"/>
    <tag k="ele" v="-0.1155"/>
  </node>
  <node id="1773" lat="40.64694818668" lon="28.18098006310">
    <tag k="local_x" v="-148.5985"/>
    <tag k="local_y" v="236.5473"/>
    <tag k="ele" v="-0.1593"/>
  </node>
  <node id="1774" lat="40.64694293872" lon="28.18096964147">
    <tag k="local_x" v="-149.4719"/>
    <tag k="local_y" v="235.9529"/>
    <tag k="ele" v="-0.2701"/>
  </node>
  <node id="1775" lat="40.64693799140" lon="28.18095987412">
    <tag k="local_x" v="-150.2903"/>
    <tag k="local_y" v="235.3927"/>
    <tag k="ele" v="-0.3808"/>
  </node>
  <node id="1776" lat="40.64693302532" lon="28.18095012353">
    <tag k="local_x" v="-151.1074"/>
    <tag k="local_y" v="234.8303"/>
    <tag k="ele" v="-0.4915"/>
  </node>
  <node id="1777" lat="40.64692801394" lon="28.18094041339">
    <tag k="local_x" v="-151.9209"/>
    <tag k="local_y" v="234.2630"/>
    <tag k="ele" v="-0.6023"/>
  </node>
  <node id="1778" lat="40.64692297695" lon="28.18093072497">
    <tag k="local_x" v="-152.7326"/>
    <tag k="local_y" v="233.6929"/>
    <tag k="ele" v="-0.713"/>
  </node>
  <node id="1779" lat="40.64691788609" lon="28.18092108778">
    <tag k="local_x" v="-153.5398"/>
    <tag k="local_y" v="233.1168"/>
    <tag k="ele" v="-0.8237"/>
  </node>
  <node id="1780" lat="40.64691276127" lon="28.18091147894">
    <tag k="local_x" v="-154.3446"/>
    <tag k="local_y" v="232.5370"/>
    <tag k="ele" v="-0.9345"/>
  </node>
  <node id="1781" lat="40.64690760155" lon="28.18090170900">
    <tag k="local_x" v="-155.1630"/>
    <tag k="local_y" v="231.9532"/>
    <tag k="ele" v="-0.9903"/>
  </node>
  <node id="1782" lat="40.64690260227" lon="28.18089135093">
    <tag k="local_x" v="-156.0313"/>
    <tag k="local_y" v="231.3864"/>
    <tag k="ele" v="-0.8494"/>
  </node>
  <node id="1783" lat="40.64689802816" lon="28.18088075910">
    <tag k="local_x" v="-156.9201"/>
    <tag k="local_y" v="230.8667"/>
    <tag k="ele" v="-0.49"/>
  </node>
  <node id="1784" lat="40.64689382747" lon="28.18087121874">
    <tag k="local_x" v="-157.7204"/>
    <tag k="local_y" v="230.3895"/>
    <tag k="ele" v="-0.1305"/>
  </node>
  <node id="1785" lat="40.64688957991" lon="28.18086171076">
    <tag k="local_x" v="-158.5180"/>
    <tag k="local_y" v="229.9072"/>
    <tag k="ele" v="0.2289"/>
  </node>
  <node id="1786" lat="40.64688510011" lon="28.18085132771">
    <tag k="local_x" v="-159.3893"/>
    <tag k="local_y" v="229.3982"/>
    <tag k="ele" v="0.3971"/>
  </node>
  <node id="1787" lat="40.64688067927" lon="28.18084085090">
    <tag k="local_x" v="-160.2685"/>
    <tag k="local_y" v="228.8955"/>
    <tag k="ele" v="0.4508"/>
  </node>
  <node id="1788" lat="40.64687621056" lon="28.18083027322">
    <tag k="local_x" v="-161.1562"/>
    <tag k="local_y" v="228.3875"/>
    <tag k="ele" v="0.414"/>
  </node>
  <node id="1789" lat="40.64687179508" lon="28.18081995710">
    <tag k="local_x" v="-162.0219"/>
    <tag k="local_y" v="227.8856"/>
    <tag k="ele" v="0.3772"/>
  </node>
  <node id="1790" lat="40.64686729488" lon="28.18080969296">
    <tag k="local_x" v="-162.8830"/>
    <tag k="local_y" v="227.3744"/>
    <tag k="ele" v="0.3404"/>
  </node>
  <node id="1791" lat="40.64686277402" lon="28.18079943781">
    <tag k="local_x" v="-163.7433"/>
    <tag k="local_y" v="226.8609"/>
    <tag k="ele" v="0.3036"/>
  </node>
  <node id="1792" lat="40.64685820087" lon="28.18078921934">
    <tag k="local_x" v="-164.6005"/>
    <tag k="local_y" v="226.3417"/>
    <tag k="ele" v="0.2668"/>
  </node>
  <node id="1793" lat="40.64685362372" lon="28.18077619191">
    <tag k="local_x" v="-165.6952"/>
    <tag k="local_y" v="225.8188"/>
    <tag k="ele" v="0.2491"/>
  </node>
  <node id="1794" lat="40.64684981799" lon="28.18076403288">
    <tag k="local_x" v="-166.7176"/>
    <tag k="local_y" v="225.3825"/>
    <tag k="ele" v="0.2408"/>
  </node>
  <node id="1795" lat="40.64684646487" lon="28.18075111060">
    <tag k="local_x" v="-167.8052"/>
    <tag k="local_y" v="224.9956"/>
    <tag k="ele" v="0.245"/>
  </node>
  <node id="1796" lat="40.64684353149" lon="28.18073989798">
    <tag k="local_x" v="-168.7488"/>
    <tag k="local_y" v="224.6573"/>
    <tag k="ele" v="0.2491"/>
  </node>
  <node id="1797" lat="40.64684064117" lon="28.18072867796">
    <tag k="local_x" v="-169.6932"/>
    <tag k="local_y" v="224.3237"/>
    <tag k="ele" v="0.2533"/>
  </node>
  <node id="1798" lat="40.64683787621" lon="28.18071741465">
    <tag k="local_x" v="-170.6414"/>
    <tag k="local_y" v="224.0040"/>
    <tag k="ele" v="0.2574"/>
  </node>
  <node id="1799" lat="40.64683517314" lon="28.18070613160">
    <tag k="local_x" v="-171.5914"/>
    <tag k="local_y" v="223.6911"/>
    <tag k="ele" v="0.2616"/>
  </node>
  <node id="1800" lat="40.64683265605" lon="28.18069478923">
    <tag k="local_x" v="-172.5466"/>
    <tag k="local_y" v="223.3988"/>
    <tag k="ele" v="0.2657"/>
  </node>
  <node id="1801" lat="40.64683021370" lon="28.18068342302">
    <tag k="local_x" v="-173.5040"/>
    <tag k="local_y" v="223.1148"/>
    <tag k="ele" v="0.2698"/>
  </node>
  <node id="1802" lat="40.64682800093" lon="28.18067198360">
    <tag k="local_x" v="-174.4679"/>
    <tag k="local_y" v="222.8562"/>
    <tag k="ele" v="0.274"/>
  </node>
  <node id="1803" lat="40.64682585085" lon="28.18066088140">
    <tag k="local_x" v="-175.4035"/>
    <tag k="local_y" v="222.6049"/>
    <tag k="ele" v="0.2763"/>
  </node>
  <node id="1804" lat="40.64682385668" lon="28.18065017786">
    <tag k="local_x" v="-176.3055"/>
    <tag k="local_y" v="222.3714"/>
    <tag k="ele" v="0.2745"/>
  </node>
  <node id="1805" lat="40.64682177492" lon="28.18063908311">
    <tag k="local_x" v="-177.2405"/>
    <tag k="local_y" v="222.1277"/>
    <tag k="ele" v="0.2707"/>
  </node>
  <node id="1806" lat="40.64681984484" lon="28.18062821731">
    <tag k="local_x" v="-178.1563"/>
    <tag k="local_y" v="221.9012"/>
    <tag k="ele" v="0.2631"/>
  </node>
  <node id="1807" lat="40.64681783625" lon="28.18061667718">
    <tag k="local_x" v="-179.1291"/>
    <tag k="local_y" v="221.6651"/>
    <tag k="ele" v="0.2554"/>
  </node>
  <node id="1808" lat="40.64681604866" lon="28.18060505573">
    <tag k="local_x" v="-180.1090"/>
    <tag k="local_y" v="221.4535"/>
    <tag k="ele" v="0.2478"/>
  </node>
  <node id="1809" lat="40.64681431120" lon="28.18059341004">
    <tag k="local_x" v="-181.0911"/>
    <tag k="local_y" v="221.2474"/>
    <tag k="ele" v="0.2402"/>
  </node>
  <node id="1810" lat="40.64681274494" lon="28.18058169821">
    <tag k="local_x" v="-182.0790"/>
    <tag k="local_y" v="221.0602"/>
    <tag k="ele" v="0.2326"/>
  </node>
  <node id="1811" lat="40.64681120859" lon="28.18056996962">
    <tag k="local_x" v="-183.0684"/>
    <tag k="local_y" v="220.8764"/>
    <tag k="ele" v="0.225"/>
  </node>
  <node id="1812" lat="40.64680977701" lon="28.18055820637">
    <tag k="local_x" v="-184.0609"/>
    <tag k="local_y" v="220.7041"/>
    <tag k="ele" v="0.2173"/>
  </node>
  <node id="1813" lat="40.64680834203" lon="28.18054654217">
    <tag k="local_x" v="-185.0449"/>
    <tag k="local_y" v="220.5316"/>
    <tag k="ele" v="0.2138"/>
  </node>
  <node id="1814" lat="40.64680690019" lon="28.18053486858">
    <tag k="local_x" v="-186.0298"/>
    <tag k="local_y" v="220.3583"/>
    <tag k="ele" v="0.2143"/>
  </node>
  <node id="1815" lat="40.64680540720" lon="28.18052322907">
    <tag k="local_x" v="-187.0117"/>
    <tag k="local_y" v="220.1793"/>
    <tag k="ele" v="0.2201"/>
  </node>
  <node id="1816" lat="40.64680383220" lon="28.18051155539">
    <tag k="local_x" v="-187.9964"/>
    <tag k="local_y" v="219.9912"/>
    <tag k="ele" v="0.2288"/>
  </node>
  <node id="1817" lat="40.64680221603" lon="28.18049983951">
    <tag k="local_x" v="-188.9846"/>
    <tag k="local_y" v="219.7985"/>
    <tag k="ele" v="0.2375"/>
  </node>
  <node id="1818" lat="40.64680070277" lon="28.18048733147">
    <tag k="local_x" v="-190.0399"/>
    <tag k="local_y" v="219.6164"/>
    <tag k="ele" v="0.2417"/>
  </node>
  <node id="1819" lat="40.64679969277" lon="28.18047448350">
    <tag k="local_x" v="-191.1248"/>
    <tag k="local_y" v="219.4897"/>
    <tag k="ele" v="0.2395"/>
  </node>
  <node id="1820" lat="40.64679912458" lon="28.18046174937">
    <tag k="local_x" v="-192.2006"/>
    <tag k="local_y" v="219.4121"/>
    <tag k="ele" v="0.2314"/>
  </node>
  <node id="1821" lat="40.64679897014" lon="28.18044924172">
    <tag k="local_x" v="-193.2579"/>
    <tag k="local_y" v="219.3808"/>
    <tag k="ele" v="0.2188"/>
  </node>
  <node id="1822" lat="40.64679872462" lon="28.18043740650">
    <tag k="local_x" v="-194.2582"/>
    <tag k="local_y" v="219.3401"/>
    <tag k="ele" v="0.2062"/>
  </node>
  <node id="1823" lat="40.64679852081" lon="28.18042545798">
    <tag k="local_x" v="-195.2682"/>
    <tag k="local_y" v="219.3039"/>
    <tag k="ele" v="0.2188"/>
  </node>
  <node id="1824" lat="40.64679819424" lon="28.18041363178">
    <tag k="local_x" v="-196.2676"/>
    <tag k="local_y" v="219.2542"/>
    <tag k="ele" v="0.2354"/>
  </node>
  <node id="1825" lat="40.64679791758" lon="28.18040172168">
    <tag k="local_x" v="-197.2742"/>
    <tag k="local_y" v="219.2100"/>
    <tag k="ele" v="0.2691"/>
  </node>
  <node id="1826" lat="40.64679757802" lon="28.18038986305">
    <tag k="local_x" v="-198.2764"/>
    <tag k="local_y" v="219.1589"/>
    <tag k="ele" v="0.3141"/>
  </node>
  <node id="1827" lat="40.64679722430" lon="28.18037807122">
    <tag k="local_x" v="-199.2729"/>
    <tag k="local_y" v="219.1062"/>
    <tag k="ele" v="0.3591"/>
  </node>
  <node id="1828" lat="40.64679677895" lon="28.18036629101">
    <tag k="local_x" v="-200.2683"/>
    <tag k="local_y" v="219.0434"/>
    <tag k="ele" v="0.404"/>
  </node>
  <node id="1829" lat="40.64679641177" lon="28.18035442253">
    <tag k="local_x" v="-201.2712"/>
    <tag k="local_y" v="218.9892"/>
    <tag k="ele" v="0.4694"/>
  </node>
  <node id="1830" lat="40.64679602879" lon="28.18034262194">
    <tag k="local_x" v="-202.2684"/>
    <tag k="local_y" v="218.9333"/>
    <tag k="ele" v="0.5441"/>
  </node>
  <node id="1831" lat="40.64679568740" lon="28.18033082607">
    <tag k="local_x" v="-203.2653"/>
    <tag k="local_y" v="218.8820"/>
    <tag k="ele" v="0.629"/>
  </node>
  <node id="1832" lat="40.64679539285" lon="28.18031900639">
    <tag k="local_x" v="-204.2642"/>
    <tag k="local_y" v="218.8359"/>
    <tag k="ele" v="0.7331"/>
  </node>
  <node id="1833" lat="40.64679509771" lon="28.18030727458">
    <tag k="local_x" v="-205.2557"/>
    <tag k="local_y" v="218.7898"/>
    <tag k="ele" v="0.8372"/>
  </node>
  <node id="1834" lat="40.64679477657" lon="28.18029554320">
    <tag k="local_x" v="-206.2471"/>
    <tag k="local_y" v="218.7409"/>
    <tag k="ele" v="0.9413"/>
  </node>
  <node id="1835" lat="40.64679445422" lon="28.18028381125">
    <tag k="local_x" v="-207.2386"/>
    <tag k="local_y" v="218.6918"/>
    <tag k="ele" v="1.0454"/>
  </node>
  <node id="1836" lat="40.64679410343" lon="28.18027208694">
    <tag k="local_x" v="-208.2294"/>
    <tag k="local_y" v="218.6395"/>
    <tag k="ele" v="1.1378"/>
  </node>
  <node id="1837" lat="40.64679370029" lon="28.18026037411">
    <tag k="local_x" v="-209.2191"/>
    <tag k="local_y" v="218.5815"/>
    <tag k="ele" v="1.1822"/>
  </node>
  <node id="1838" lat="40.64679328774" lon="28.18024861620">
    <tag k="local_x" v="-210.2127"/>
    <tag k="local_y" v="218.5223"/>
    <tag k="ele" v="1.2266"/>
  </node>
  <node id="1839" lat="40.64679282460" lon="28.18023687959">
    <tag k="local_x" v="-211.2043"/>
    <tag k="local_y" v="218.4576"/>
    <tag k="ele" v="1.2251"/>
  </node>
  <node id="1840" lat="40.64679234031" lon="28.18022510647">
    <tag k="local_x" v="-212.1991"/>
    <tag k="local_y" v="218.3905"/>
    <tag k="ele" v="1.2104"/>
  </node>
  <node id="1841" lat="40.64679185448" lon="28.18021332219">
    <tag k="local_x" v="-213.1947"/>
    <tag k="local_y" v="218.3232"/>
    <tag k="ele" v="1.1957"/>
  </node>
  <node id="1842" lat="40.64679135993" lon="28.18020153866">
    <tag k="local_x" v="-214.1903"/>
    <tag k="local_y" v="218.2549"/>
    <tag k="ele" v="1.1811"/>
  </node>
  <node id="1843" lat="40.64679086376" lon="28.18018975650">
    <tag k="local_x" v="-215.1858"/>
    <tag k="local_y" v="218.1865"/>
    <tag k="ele" v="1.1664"/>
  </node>
  <node id="1844" lat="40.64679035279" lon="28.18017797432">
    <tag k="local_x" v="-216.1812"/>
    <tag k="local_y" v="218.1164"/>
    <tag k="ele" v="1.1518"/>
  </node>
  <node id="1845" lat="40.64678983959" lon="28.18016619237">
    <tag k="local_x" v="-217.1766"/>
    <tag k="local_y" v="218.0460"/>
    <tag k="ele" v="1.1371"/>
  </node>
  <node id="1846" lat="40.64678930458" lon="28.18015441229">
    <tag k="local_x" v="-218.1718"/>
    <tag k="local_y" v="217.9733"/>
    <tag k="ele" v="1.1224"/>
  </node>
  <node id="1847" lat="40.64678876698" lon="28.18014263244">
    <tag k="local_x" v="-219.1670"/>
    <tag k="local_y" v="217.9002"/>
    <tag k="ele" v="1.1078"/>
  </node>
  <node id="1848" lat="40.64678820257" lon="28.18013085487">
    <tag k="local_x" v="-220.1620"/>
    <tag k="local_y" v="217.8242"/>
    <tag k="ele" v="1.0931"/>
  </node>
  <node id="1849" lat="40.64678778939" lon="28.18011896218">
    <tag k="local_x" v="-221.1669"/>
    <tag k="local_y" v="217.7649"/>
    <tag k="ele" v="1.1026"/>
  </node>
  <node id="1850" lat="40.64678740583" lon="28.18010714403">
    <tag k="local_x" v="-222.1656"/>
    <tag k="local_y" v="217.7089"/>
    <tag k="ele" v="1.1203"/>
  </node>
  <node id="1851" lat="40.64678708771" lon="28.18009531498">
    <tag k="local_x" v="-223.1653"/>
    <tag k="local_y" v="217.6602"/>
    <tag k="ele" v="1.1483"/>
  </node>
  <node id="1852" lat="40.64678688833" lon="28.18008342689">
    <tag k="local_x" v="-224.1702"/>
    <tag k="local_y" v="217.6245"/>
    <tag k="ele" v="1.1981"/>
  </node>
  <node id="1853" lat="40.64678668870" lon="28.18007164349">
    <tag k="local_x" v="-225.1662"/>
    <tag k="local_y" v="217.5890"/>
    <tag k="ele" v="1.2479"/>
  </node>
  <node id="1854" lat="40.64678647179" lon="28.18005985921">
    <tag k="local_x" v="-226.1622"/>
    <tag k="local_y" v="217.5516"/>
    <tag k="ele" v="1.2977"/>
  </node>
  <node id="1855" lat="40.64678625417" lon="28.18004807560">
    <tag k="local_x" v="-227.1582"/>
    <tag k="local_y" v="217.5140"/>
    <tag k="ele" v="1.3476"/>
  </node>
  <node id="1856" lat="40.64678602625" lon="28.18003629102">
    <tag k="local_x" v="-228.1543"/>
    <tag k="local_y" v="217.4754"/>
    <tag k="ele" v="1.3974"/>
  </node>
  <node id="1857" lat="40.64678579814" lon="28.18002450768">
    <tag k="local_x" v="-229.1503"/>
    <tag k="local_y" v="217.4367"/>
    <tag k="ele" v="1.4472"/>
  </node>
  <node id="1858" lat="40.64678556613" lon="28.18001272506">
    <tag k="local_x" v="-230.1462"/>
    <tag k="local_y" v="217.3975"/>
    <tag k="ele" v="1.4971"/>
  </node>
  <node id="1859" lat="40.64678533514" lon="28.18000093986">
    <tag k="local_x" v="-231.1423"/>
    <tag k="local_y" v="217.3585"/>
    <tag k="ele" v="1.5469"/>
  </node>
  <node id="1860" lat="40.64678510675" lon="28.17998915651">
    <tag k="local_x" v="-232.1382"/>
    <tag k="local_y" v="217.3198"/>
    <tag k="ele" v="1.5967"/>
  </node>
  <node id="1861" lat="40.64678487866" lon="28.17997737315">
    <tag k="local_x" v="-233.1342"/>
    <tag k="local_y" v="217.2811"/>
    <tag k="ele" v="1.6466"/>
  </node>
  <node id="1862" lat="40.64678469267" lon="28.17996555384">
    <tag k="local_x" v="-234.1333"/>
    <tag k="local_y" v="217.2471"/>
    <tag k="ele" v="1.6801"/>
  </node>
  <node id="1863" lat="40.64678452705" lon="28.17995374523">
    <tag k="local_x" v="-235.1315"/>
    <tag k="local_y" v="217.2153"/>
    <tag k="ele" v="1.7046"/>
  </node>
  <node id="1864" lat="40.64678437587" lon="28.17994194701">
    <tag k="local_x" v="-236.1288"/>
    <tag k="local_y" v="217.1851"/>
    <tag k="ele" v="1.7271"/>
  </node>
  <node id="1865" lat="40.64678427623" lon="28.17993010409">
    <tag k="local_x" v="-237.1300"/>
    <tag k="local_y" v="217.1606"/>
    <tag k="ele" v="1.7265"/>
  </node>
  <node id="1866" lat="40.64678418845" lon="28.17991830172">
    <tag k="local_x" v="-238.1278"/>
    <tag k="local_y" v="217.1375"/>
    <tag k="ele" v="1.726"/>
  </node>
  <node id="1867" lat="40.64678410014" lon="28.17990650087">
    <tag k="local_x" v="-239.1254"/>
    <tag k="local_y" v="217.1143"/>
    <tag k="ele" v="1.7254"/>
  </node>
  <node id="1868" lat="40.64678402507" lon="28.17989469841">
    <tag k="local_x" v="-240.1232"/>
    <tag k="local_y" v="217.0926"/>
    <tag k="ele" v="1.7249"/>
  </node>
  <node id="1869" lat="40.64678394947" lon="28.17988289747">
    <tag k="local_x" v="-241.1209"/>
    <tag k="local_y" v="217.0708"/>
    <tag k="ele" v="1.7243"/>
  </node>
  <node id="1870" lat="40.64678388781" lon="28.17987109567">
    <tag k="local_x" v="-242.1187"/>
    <tag k="local_y" v="217.0506"/>
    <tag k="ele" v="1.7238"/>
  </node>
  <node id="1871" lat="40.64678382740" lon="28.17985929311">
    <tag k="local_x" v="-243.1165"/>
    <tag k="local_y" v="217.0305"/>
    <tag k="ele" v="1.7233"/>
  </node>
  <node id="1872" lat="40.64678378245" lon="28.17984749197">
    <tag k="local_x" v="-244.1142"/>
    <tag k="local_y" v="217.0121"/>
    <tag k="ele" v="1.7227"/>
  </node>
  <node id="1873" lat="40.64678373875" lon="28.17983568930">
    <tag k="local_x" v="-245.1121"/>
    <tag k="local_y" v="216.9939"/>
    <tag k="ele" v="1.7222"/>
  </node>
  <node id="1874" lat="40.64678371374" lon="28.17982388803">
    <tag k="local_x" v="-246.1099"/>
    <tag k="local_y" v="216.9777"/>
    <tag k="ele" v="1.7216"/>
  </node>
  <node id="1875" lat="40.64678368993" lon="28.17981208642">
    <tag k="local_x" v="-247.1077"/>
    <tag k="local_y" v="216.9617"/>
    <tag k="ele" v="1.7211"/>
  </node>
  <node id="1876" lat="40.64678368832" lon="28.17980028497">
    <tag k="local_x" v="-248.1055"/>
    <tag k="local_y" v="216.9481"/>
    <tag k="ele" v="1.7206"/>
  </node>
  <node id="1877" lat="40.64678368786" lon="28.17978848202">
    <tag k="local_x" v="-249.1035"/>
    <tag k="local_y" v="216.9347"/>
    <tag k="ele" v="1.72"/>
  </node>
  <node id="1878" lat="40.64678371258" lon="28.17977668039">
    <tag k="local_x" v="-250.1014"/>
    <tag k="local_y" v="216.9240"/>
    <tag k="ele" v="1.7195"/>
  </node>
  <node id="1879" lat="40.64678373743" lon="28.17976487800">
    <tag k="local_x" v="-251.0993"/>
    <tag k="local_y" v="216.9134"/>
    <tag k="ele" v="1.7189"/>
  </node>
  <node id="1880" lat="40.64678378941" lon="28.17975307472">
    <tag k="local_x" v="-252.0974"/>
    <tag k="local_y" v="216.9058"/>
    <tag k="ele" v="1.7184"/>
  </node>
  <node id="1881" lat="40.64678384052" lon="28.17974127287">
    <tag k="local_x" v="-253.0953"/>
    <tag k="local_y" v="216.8981"/>
    <tag k="ele" v="1.7178"/>
  </node>
  <node id="1882" lat="40.64678391418" lon="28.17972946948">
    <tag k="local_x" v="-254.0934"/>
    <tag k="local_y" v="216.8929"/>
    <tag k="ele" v="1.7173"/>
  </node>
  <node id="1883" lat="40.64678398694" lon="28.17971766746">
    <tag k="local_x" v="-255.0914"/>
    <tag k="local_y" v="216.8876"/>
    <tag k="ele" v="1.7168"/>
  </node>
  <node id="1884" lat="40.64678407295" lon="28.17970586521">
    <tag k="local_x" v="-256.0894"/>
    <tag k="local_y" v="216.8837"/>
    <tag k="ele" v="1.7162"/>
  </node>
  <node id="1885" lat="40.64678415813" lon="28.17969406306">
    <tag k="local_x" v="-257.0875"/>
    <tag k="local_y" v="216.8798"/>
    <tag k="ele" v="1.7157"/>
  </node>
  <node id="1886" lat="40.64678424311" lon="28.17968225965">
    <tag k="local_x" v="-258.0856"/>
    <tag k="local_y" v="216.8758"/>
    <tag k="ele" v="1.7151"/>
  </node>
  <node id="1887" lat="40.64678432718" lon="28.17967045749">
    <tag k="local_x" v="-259.0836"/>
    <tag k="local_y" v="216.8718"/>
    <tag k="ele" v="1.7146"/>
  </node>
  <node id="1888" lat="40.64678439633" lon="28.17965865423">
    <tag k="local_x" v="-260.0817"/>
    <tag k="local_y" v="216.8661"/>
    <tag k="ele" v="1.7141"/>
  </node>
  <node id="1889" lat="40.64678446440" lon="28.17964685214">
    <tag k="local_x" v="-261.0797"/>
    <tag k="local_y" v="216.8602"/>
    <tag k="ele" v="1.7135"/>
  </node>
  <node id="1890" lat="40.64678450390" lon="28.17963504965">
    <tag k="local_x" v="-262.0777"/>
    <tag k="local_y" v="216.8512"/>
    <tag k="ele" v="1.713"/>
  </node>
  <node id="1891" lat="40.64678454385" lon="28.17962324661">
    <tag k="local_x" v="-263.0757"/>
    <tag k="local_y" v="216.8423"/>
    <tag k="ele" v="1.7124"/>
  </node>
  <node id="1892" lat="40.64678454640" lon="28.17961144493">
    <tag k="local_x" v="-264.0735"/>
    <tag k="local_y" v="216.8292"/>
    <tag k="ele" v="1.7119"/>
  </node>
  <node id="1893" lat="40.64678454911" lon="28.17959964337">
    <tag k="local_x" v="-265.0714"/>
    <tag k="local_y" v="216.8161"/>
    <tag k="ele" v="1.7113"/>
  </node>
  <node id="1894" lat="40.64678451334" lon="28.17958784192">
    <tag k="local_x" v="-266.0692"/>
    <tag k="local_y" v="216.7988"/>
    <tag k="ele" v="1.7108"/>
  </node>
  <node id="1895" lat="40.64678447754" lon="28.17957603943">
    <tag k="local_x" v="-267.0670"/>
    <tag k="local_y" v="216.7814"/>
    <tag k="ele" v="1.7103"/>
  </node>
  <node id="1896" lat="40.64678443095" lon="28.17956422553">
    <tag k="local_x" v="-268.0658"/>
    <tag k="local_y" v="216.7628"/>
    <tag k="ele" v="1.7082"/>
  </node>
  <node id="1897" lat="40.64678446461" lon="28.17955237626">
    <tag k="local_x" v="-269.0678"/>
    <tag k="local_y" v="216.7531"/>
    <tag k="ele" v="1.7005"/>
  </node>
  <node id="1898" lat="40.64678447908" lon="28.17954057584">
    <tag k="local_x" v="-270.0655"/>
    <tag k="local_y" v="216.7413"/>
    <tag k="ele" v="1.6928"/>
  </node>
  <node id="1899" lat="40.64678454629" lon="28.17952874221">
    <tag k="local_x" v="-271.0662"/>
    <tag k="local_y" v="216.7354"/>
    <tag k="ele" v="1.6814"/>
  </node>
  <node id="1900" lat="40.64678465921" lon="28.17951691273">
    <tag k="local_x" v="-272.0666"/>
    <tag k="local_y" v="216.7345"/>
    <tag k="ele" v="1.6666"/>
  </node>
  <node id="1901" lat="40.64678477168" lon="28.17950511222">
    <tag k="local_x" v="-273.0645"/>
    <tag k="local_y" v="216.7336"/>
    <tag k="ele" v="1.6518"/>
  </node>
  <node id="1902" lat="40.64678489896" lon="28.17949331264">
    <tag k="local_x" v="-274.0623"/>
    <tag k="local_y" v="216.7344"/>
    <tag k="ele" v="1.637"/>
  </node>
  <node id="1903" lat="40.64678488831" lon="28.17948160444">
    <tag k="local_x" v="-275.0523"/>
    <tag k="local_y" v="216.7199"/>
    <tag k="ele" v="1.6171"/>
  </node>
  <node id="1904" lat="40.64678478676" lon="28.17946988984">
    <tag k="local_x" v="-276.0426"/>
    <tag k="local_y" v="216.6953"/>
    <tag k="ele" v="1.5925"/>
  </node>
  <node id="1905" lat="40.64678468632" lon="28.17945809765">
    <tag k="local_x" v="-277.0395"/>
    <tag k="local_y" v="216.6708"/>
    <tag k="ele" v="1.568"/>
  </node>
  <node id="1906" lat="40.64678442596" lon="28.17944643882">
    <tag k="local_x" v="-278.0249"/>
    <tag k="local_y" v="216.6287"/>
    <tag k="ele" v="1.5357"/>
  </node>
  <node id="1907" lat="40.64678410886" lon="28.17943468726">
    <tag k="local_x" v="-279.0180"/>
    <tag k="local_y" v="216.5802"/>
    <tag k="ele" v="1.5011"/>
  </node>
  <node id="1908" lat="40.64678383307" lon="28.17942289802">
    <tag k="local_x" v="-280.0144"/>
    <tag k="local_y" v="216.5362"/>
    <tag k="ele" v="1.4666"/>
  </node>
  <node id="1909" lat="40.64678355982" lon="28.17941110861">
    <tag k="local_x" v="-281.0108"/>
    <tag k="local_y" v="216.4925"/>
    <tag k="ele" v="1.4321"/>
  </node>
  <node id="1910" lat="40.64678332461" lon="28.17939931599">
    <tag k="local_x" v="-282.0076"/>
    <tag k="local_y" v="216.4530"/>
    <tag k="ele" v="1.3976"/>
  </node>
  <node id="1911" lat="40.64678309186" lon="28.17938752449">
    <tag k="local_x" v="-283.0042"/>
    <tag k="local_y" v="216.4138"/>
    <tag k="ele" v="1.363"/>
  </node>
  <node id="1912" lat="40.64678287697" lon="28.17937573589">
    <tag k="local_x" v="-284.0006"/>
    <tag k="local_y" v="216.3766"/>
    <tag k="ele" v="1.3286"/>
  </node>
  <node id="1913" lat="40.64678244052" lon="28.17936408207">
    <tag k="local_x" v="-284.9853"/>
    <tag k="local_y" v="216.3149"/>
    <tag k="ele" v="1.2959"/>
  </node>
  <node id="1914" lat="40.64678200692" lon="28.17935230100">
    <tag k="local_x" v="-285.9808"/>
    <tag k="local_y" v="216.2534"/>
    <tag k="ele" v="1.2633"/>
  </node>
  <node id="1915" lat="40.64678148868" lon="28.17934057134">
    <tag k="local_x" v="-286.9718"/>
    <tag k="local_y" v="216.1826"/>
    <tag k="ele" v="1.2313"/>
  </node>
  <node id="1916" lat="40.64678080954" lon="28.17932887821">
    <tag k="local_x" v="-287.9595"/>
    <tag k="local_y" v="216.0940"/>
    <tag k="ele" v="1.2005"/>
  </node>
  <node id="1917" lat="40.64678012372" lon="28.17931711510">
    <tag k="local_x" v="-288.9530"/>
    <tag k="local_y" v="216.0045"/>
    <tag k="ele" v="1.1696"/>
  </node>
  <node id="1918" lat="40.64677940086" lon="28.17930535608">
    <tag k="local_x" v="-289.9462"/>
    <tag k="local_y" v="215.9109"/>
    <tag k="ele" v="1.1388"/>
  </node>
  <node id="1919" lat="40.64677883716" lon="28.17929351413">
    <tag k="local_x" v="-290.9466"/>
    <tag k="local_y" v="215.8349"/>
    <tag k="ele" v="1.115"/>
  </node>
  <node id="1920" lat="40.64677828723" lon="28.17928171417">
    <tag k="local_x" v="-291.9435"/>
    <tag k="local_y" v="215.7605"/>
    <tag k="ele" v="1.0941"/>
  </node>
  <node id="1921" lat="40.64677776432" lon="28.17926992599">
    <tag k="local_x" v="-292.9394"/>
    <tag k="local_y" v="215.6891"/>
    <tag k="ele" v="1.0745"/>
  </node>
  <node id="1922" lat="40.64677737220" lon="28.17925805802">
    <tag k="local_x" v="-293.9423"/>
    <tag k="local_y" v="215.6321"/>
    <tag k="ele" v="1.0637"/>
  </node>
  <node id="1923" lat="40.64677697537" lon="28.17924626901">
    <tag k="local_x" v="-294.9385"/>
    <tag k="local_y" v="215.5747"/>
    <tag k="ele" v="1.0529"/>
  </node>
  <node id="1924" lat="40.64677650960" lon="28.17923448182">
    <tag k="local_x" v="-295.9344"/>
    <tag k="local_y" v="215.5096"/>
    <tag k="ele" v="1.0421"/>
  </node>
  <node id="1925" lat="40.64677602738" lon="28.17922270151">
    <tag k="local_x" v="-296.9298"/>
    <tag k="local_y" v="215.4427"/>
    <tag k="ele" v="1.0302"/>
  </node>
  <node id="1926" lat="40.64677541104" lon="28.17921095912">
    <tag k="local_x" v="-297.9217"/>
    <tag k="local_y" v="215.3610"/>
    <tag k="ele" v="1.0085"/>
  </node>
  <node id="1927" lat="40.64677478638" lon="28.17919918787">
    <tag k="local_x" v="-298.9160"/>
    <tag k="local_y" v="215.2783"/>
    <tag k="ele" v="0.9868"/>
  </node>
  <node id="1928" lat="40.64677408064" lon="28.17918743946">
    <tag k="local_x" v="-299.9083"/>
    <tag k="local_y" v="215.1867"/>
    <tag k="ele" v="0.9607"/>
  </node>
  <node id="1929" lat="40.64677332347" lon="28.17917570496">
    <tag k="local_x" v="-300.8994"/>
    <tag k="local_y" v="215.0893"/>
    <tag k="ele" v="0.928"/>
  </node>
  <node id="1930" lat="40.64677253898" lon="28.17916394845">
    <tag k="local_x" v="-301.8922"/>
    <tag k="local_y" v="214.9889"/>
    <tag k="ele" v="0.8953"/>
  </node>
  <node id="1931" lat="40.64677175021" lon="28.17915219446">
    <tag k="local_x" v="-302.8849"/>
    <tag k="local_y" v="214.8880"/>
    <tag k="ele" v="0.8626"/>
  </node>
  <node id="1932" lat="40.64677096021" lon="28.17914043876">
    <tag k="local_x" v="-303.8777"/>
    <tag k="local_y" v="214.7870"/>
    <tag k="ele" v="0.8299"/>
  </node>
  <node id="1933" lat="40.64677017095" lon="28.17912868375">
    <tag k="local_x" v="-304.8704"/>
    <tag k="local_y" v="214.6860"/>
    <tag k="ele" v="0.7972"/>
  </node>
  <node id="1934" lat="40.64676940496" lon="28.17911692684">
    <tag k="local_x" v="-305.8633"/>
    <tag k="local_y" v="214.5877"/>
    <tag k="ele" v="0.7645"/>
  </node>
  <node id="1935" lat="40.64676857122" lon="28.17910524181">
    <tag k="local_x" v="-306.8501"/>
    <tag k="local_y" v="214.4819"/>
    <tag k="ele" v="0.731"/>
  </node>
  <node id="1936" lat="40.64676717608" lon="28.17909413728">
    <tag k="local_x" v="-307.7869"/>
    <tag k="local_y" v="214.3144"/>
    <tag k="ele" v="0.6906"/>
  </node>
  <node id="1937" lat="40.64676574712" lon="28.17908253125">
    <tag k="local_x" v="-308.7661"/>
    <tag k="local_y" v="214.1427"/>
    <tag k="ele" v="0.6502"/>
  </node>
  <node id="1938" lat="40.64676410109" lon="28.17907122881">
    <tag k="local_x" v="-309.7193"/>
    <tag k="local_y" v="213.9471"/>
    <tag k="ele" v="0.6061"/>
  </node>
  <node id="1939" lat="40.64676205221" lon="28.17906013787">
    <tag k="local_x" v="-310.6540"/>
    <tag k="local_y" v="213.7071"/>
    <tag k="ele" v="0.5565"/>
  </node>
  <node id="1940" lat="40.64675999455" lon="28.17904866287">
    <tag k="local_x" v="-311.6211"/>
    <tag k="local_y" v="213.4657"/>
    <tag k="ele" v="0.5069"/>
  </node>
  <node id="1941" lat="40.64675751412" lon="28.17903787954">
    <tag k="local_x" v="-312.5292"/>
    <tag k="local_y" v="213.1781"/>
    <tag k="ele" v="0.4663"/>
  </node>
  <node id="1942" lat="40.64675475970" lon="28.17902697572">
    <tag k="local_x" v="-313.4470"/>
    <tag k="local_y" v="212.8600"/>
    <tag k="ele" v="0.4305"/>
  </node>
  <node id="1943" lat="40.64675178879" lon="28.17901610764">
    <tag k="local_x" v="-314.3615"/>
    <tag k="local_y" v="212.5179"/>
    <tag k="ele" v="0.3986"/>
  </node>
  <node id="1944" lat="40.64674835776" lon="28.17900579742">
    <tag k="local_x" v="-315.2282"/>
    <tag k="local_y" v="212.1254"/>
    <tag k="ele" v="0.3774"/>
  </node>
  <node id="1945" lat="40.64674477737" lon="28.17899497413">
    <tag k="local_x" v="-316.1380"/>
    <tag k="local_y" v="211.7156"/>
    <tag k="ele" v="0.3562"/>
  </node>
  <node id="1946" lat="40.64674119955" lon="28.17898414973">
    <tag k="local_x" v="-317.0479"/>
    <tag k="local_y" v="211.3062"/>
    <tag k="ele" v="0.335"/>
  </node>
  <node id="1947" lat="40.64673759148" lon="28.17897339610">
    <tag k="local_x" v="-317.9517"/>
    <tag k="local_y" v="210.8935"/>
    <tag k="ele" v="0.3119"/>
  </node>
  <node id="1948" lat="40.64673373121" lon="28.17896314570">
    <tag k="local_x" v="-318.8127"/>
    <tag k="local_y" v="210.4534"/>
    <tag k="ele" v="0.2741"/>
  </node>
  <node id="1949" lat="40.64672973813" lon="28.17895263279">
    <tag k="local_x" v="-319.6956"/>
    <tag k="local_y" v="209.9982"/>
    <tag k="ele" v="0.235"/>
  </node>
  <node id="1950" lat="40.64672550496" lon="28.17894263317">
    <tag k="local_x" v="-320.5348"/>
    <tag k="local_y" v="209.5170"/>
    <tag k="ele" v="0.1804"/>
  </node>
  <node id="1951" lat="40.64672114789" lon="28.17893232949">
    <tag k="local_x" v="-321.3995"/>
    <tag k="local_y" v="209.0216"/>
    <tag k="ele" v="0.1259"/>
  </node>
  <node id="1952" lat="40.64671678028" lon="28.17892203424">
    <tag k="local_x" v="-322.2635"/>
    <tag k="local_y" v="208.5251"/>
    <tag k="ele" v="0.0714"/>
  </node>
  <node id="1953" lat="40.64671232262" lon="28.17891198558">
    <tag k="local_x" v="-323.1065"/>
    <tag k="local_y" v="208.0189"/>
    <tag k="ele" v="0.0233"/>
  </node>
  <node id="1954" lat="40.64670774117" lon="28.17890197294">
    <tag k="local_x" v="-323.9463"/>
    <tag k="local_y" v="207.4990"/>
    <tag k="ele" v="-0.0204"/>
  </node>
  <node id="1955" lat="40.64670301674" lon="28.17889216733">
    <tag k="local_x" v="-324.7683"/>
    <tag k="local_y" v="206.9634"/>
    <tag k="ele" v="-0.0557"/>
  </node>
  <node id="1956" lat="40.64669817732" lon="28.17888230996">
    <tag k="local_x" v="-325.5946"/>
    <tag k="local_y" v="206.4150"/>
    <tag k="ele" v="-0.0879"/>
  </node>
  <node id="1957" lat="40.64669330884" lon="28.17887239564">
    <tag k="local_x" v="-326.4256"/>
    <tag k="local_y" v="205.8634"/>
    <tag k="ele" v="-0.1202"/>
  </node>
  <node id="1958" lat="40.64668843743" lon="28.17886248377">
    <tag k="local_x" v="-327.2564"/>
    <tag k="local_y" v="205.3114"/>
    <tag k="ele" v="-0.1524"/>
  </node>
  <node id="1959" lat="40.64668345870" lon="28.17885296787">
    <tag k="local_x" v="-328.0536"/>
    <tag k="local_y" v="204.7479"/>
    <tag k="ele" v="-0.182"/>
  </node>
  <node id="1960" lat="40.64667834410" lon="28.17884336461">
    <tag k="local_x" v="-328.8580"/>
    <tag k="local_y" v="204.1693"/>
    <tag k="ele" v="-0.2107"/>
  </node>
  <node id="1961" lat="40.64667308810" lon="28.17883414116">
    <tag k="local_x" v="-329.6300"/>
    <tag k="local_y" v="203.5754"/>
    <tag k="ele" v="-0.2363"/>
  </node>
  <node id="1962" lat="40.64666770574" lon="28.17882469330">
    <tag k="local_x" v="-330.4208"/>
    <tag k="local_y" v="202.9672"/>
    <tag k="ele" v="-0.2619"/>
  </node>
  <node id="1963" lat="40.64666232279" lon="28.17881524415">
    <tag k="local_x" v="-331.2118"/>
    <tag k="local_y" v="202.3590"/>
    <tag k="ele" v="-0.2875"/>
  </node>
  <node id="1964" lat="40.64665693630" lon="28.17880580188">
    <tag k="local_x" v="-332.0021"/>
    <tag k="local_y" v="201.7503"/>
    <tag k="ele" v="-0.3131"/>
  </node>
  <node id="1965" lat="40.64665135061" lon="28.17879771873">
    <tag k="local_x" v="-332.6772"/>
    <tag k="local_y" v="201.1211"/>
    <tag k="ele" v="-0.3391"/>
  </node>
  <node id="1966" lat="40.64664529890" lon="28.17878955006">
    <tag k="local_x" v="-333.3589"/>
    <tag k="local_y" v="200.4401"/>
    <tag k="ele" v="-0.3655"/>
  </node>
  <node id="1967" lat="40.64663896100" lon="28.17878220584">
    <tag k="local_x" v="-333.9704"/>
    <tag k="local_y" v="199.7282"/>
    <tag k="ele" v="-0.3927"/>
  </node>
  <node id="1968" lat="40.64663223840" lon="28.17877437532">
    <tag k="local_x" v="-334.6225"/>
    <tag k="local_y" v="198.9731"/>
    <tag k="ele" v="-0.4199"/>
  </node>
  <node id="1969" lat="40.64662551602" lon="28.17876654723">
    <tag k="local_x" v="-335.2744"/>
    <tag k="local_y" v="198.2180"/>
    <tag k="ele" v="-0.4472"/>
  </node>
  <node id="1970" lat="40.64661880632" lon="28.17875945901">
    <tag k="local_x" v="-335.8637"/>
    <tag k="local_y" v="197.4651"/>
    <tag k="ele" v="-0.4707"/>
  </node>
  <node id="1971" lat="40.64661187881" lon="28.17875313153">
    <tag k="local_x" v="-336.3884"/>
    <tag k="local_y" v="196.6890"/>
    <tag k="ele" v="-0.4886"/>
  </node>
  <node id="1972" lat="40.64660461468" lon="28.17874739118">
    <tag k="local_x" v="-336.8630"/>
    <tag k="local_y" v="195.8761"/>
    <tag k="ele" v="-0.5007"/>
  </node>
  <node id="1973" lat="40.64659692588" lon="28.17874127804">
    <tag k="local_x" v="-337.3684"/>
    <tag k="local_y" v="195.0157"/>
    <tag k="ele" v="-0.5127"/>
  </node>
  <node id="1974" lat="40.64658924159" lon="28.17873515434">
    <tag k="local_x" v="-337.8748"/>
    <tag k="local_y" v="194.1557"/>
    <tag k="ele" v="-0.5248"/>
  </node>
  <node id="1975" lat="40.64658161277" lon="28.17872935204">
    <tag k="local_x" v="-338.3540"/>
    <tag k="local_y" v="193.3023"/>
    <tag k="ele" v="-0.5347"/>
  </node>
  <node id="1976" lat="40.64657407389" lon="28.17872459485">
    <tag k="local_x" v="-338.7450"/>
    <tag k="local_y" v="192.4601"/>
    <tag k="ele" v="-0.5361"/>
  </node>
  <node id="1977" lat="40.64656613293" lon="28.17872006458">
    <tag k="local_x" v="-339.1163"/>
    <tag k="local_y" v="191.5734"/>
    <tag k="ele" v="-0.5327"/>
  </node>
  <node id="1978" lat="40.64655790135" lon="28.17871532113">
    <tag k="local_x" v="-339.5051"/>
    <tag k="local_y" v="190.6543"/>
    <tag k="ele" v="-0.5293"/>
  </node>
  <node id="1979" lat="40.64654967396" lon="28.17871056585">
    <tag k="local_x" v="-339.8949"/>
    <tag k="local_y" v="189.7356"/>
    <tag k="ele" v="-0.5259"/>
  </node>
  <node id="1980" lat="40.64654146021" lon="28.17870577475">
    <tag k="local_x" v="-340.2878"/>
    <tag k="local_y" v="188.8184"/>
    <tag k="ele" v="-0.5225"/>
  </node>
  <node id="1981" lat="40.64653334877" lon="28.17870132285">
    <tag k="local_x" v="-340.6521"/>
    <tag k="local_y" v="187.9129"/>
    <tag k="ele" v="-0.518"/>
  </node>
  <node id="1982" lat="40.64652537673" lon="28.17869774639">
    <tag k="local_x" v="-340.9427"/>
    <tag k="local_y" v="187.0239"/>
    <tag k="ele" v="-0.5103"/>
  </node>
  <node id="1983" lat="40.64651692573" lon="28.17869402919">
    <tag k="local_x" v="-341.2444"/>
    <tag k="local_y" v="186.0816"/>
    <tag k="ele" v="-0.5022"/>
  </node>
  <node id="1984" lat="40.64650841201" lon="28.17869023534">
    <tag k="local_x" v="-341.5525"/>
    <tag k="local_y" v="185.1322"/>
    <tag k="ele" v="-0.4941"/>
  </node>
  <node id="1985" lat="40.64649990425" lon="28.17868642501">
    <tag k="local_x" v="-341.8620"/>
    <tag k="local_y" v="184.1835"/>
    <tag k="ele" v="-0.486"/>
  </node>
  <node id="1986" lat="40.64649151956" lon="28.17868290826">
    <tag k="local_x" v="-342.1469"/>
    <tag k="local_y" v="183.2488"/>
    <tag k="ele" v="-0.4749"/>
  </node>
  <node id="1987" lat="40.64648341853" lon="28.17868055727">
    <tag k="local_x" v="-342.3336"/>
    <tag k="local_y" v="182.3468"/>
    <tag k="ele" v="-0.4514"/>
  </node>
  <node id="1988" lat="40.64647467078" lon="28.17867801054">
    <tag k="local_x" v="-342.5359"/>
    <tag k="local_y" v="181.3729"/>
    <tag k="ele" v="-0.4274"/>
  </node>
  <node id="1989" lat="40.64646589625" lon="28.17867544394">
    <tag k="local_x" v="-342.7399"/>
    <tag k="local_y" v="180.3960"/>
    <tag k="ele" v="-0.4033"/>
  </node>
  <node id="1990" lat="40.64645712409" lon="28.17867286651">
    <tag k="local_x" v="-342.9448"/>
    <tag k="local_y" v="179.4193"/>
    <tag k="ele" v="-0.3793"/>
  </node>
  <node id="1991" lat="40.64644829912" lon="28.17867013318">
    <tag k="local_x" v="-343.1628"/>
    <tag k="local_y" v="178.4366"/>
    <tag k="ele" v="-0.3609"/>
  </node>
  <node id="1992" lat="40.64643950751" lon="28.17866729516">
    <tag k="local_x" v="-343.3896"/>
    <tag k="local_y" v="177.4574"/>
    <tag k="ele" v="-0.3472"/>
  </node>
  <node id="1993" lat="40.64643077618" lon="28.17866447403">
    <tag k="local_x" v="-343.6152"/>
    <tag k="local_y" v="176.4850"/>
    <tag k="ele" v="-0.3334"/>
  </node>
  <node id="1994" lat="40.64642204433" lon="28.17866166374">
    <tag k="local_x" v="-343.8398"/>
    <tag k="local_y" v="175.5125"/>
    <tag k="ele" v="-0.3197"/>
  </node>
  <node id="1995" lat="40.64641331151" lon="28.17865885983">
    <tag k="local_x" v="-344.0639"/>
    <tag k="local_y" v="174.5399"/>
    <tag k="ele" v="-0.306"/>
  </node>
  <node id="1996" lat="40.64640467970" lon="28.17865642568">
    <tag k="local_x" v="-344.2569"/>
    <tag k="local_y" v="173.5790"/>
    <tag k="ele" v="-0.2825"/>
  </node>
  <node id="1997" lat="40.64639594472" lon="28.17865413854">
    <tag k="local_x" v="-344.4373"/>
    <tag k="local_y" v="172.6068"/>
    <tag k="ele" v="-0.2539"/>
  </node>
  <node id="1998" lat="40.64638712745" lon="28.17865184959">
    <tag k="local_x" v="-344.6177"/>
    <tag k="local_y" v="171.6254"/>
    <tag k="ele" v="-0.2253"/>
  </node>
  <node id="1999" lat="40.64637830987" lon="28.17864957123">
    <tag k="local_x" v="-344.7972"/>
    <tag k="local_y" v="170.6440"/>
    <tag k="ele" v="-0.1967"/>
  </node>
  <node id="2000" lat="40.64636949009" lon="28.17864731098">
    <tag k="local_x" v="-344.9752"/>
    <tag k="local_y" v="169.6624"/>
    <tag k="ele" v="-0.1681"/>
  </node>
  <node id="2001" lat="40.64636066787" lon="28.17864505857">
    <tag k="local_x" v="-345.1525"/>
    <tag k="local_y" v="168.6805"/>
    <tag k="ele" v="-0.1395"/>
  </node>
  <node id="2002" lat="40.64635183997" lon="28.17864280071">
    <tag k="local_x" v="-345.3303"/>
    <tag k="local_y" v="167.6980"/>
    <tag k="ele" v="-0.1103"/>
  </node>
  <node id="2003" lat="40.64634301774" lon="28.17864055118">
    <tag k="local_x" v="-345.5074"/>
    <tag k="local_y" v="166.7161"/>
    <tag k="ele" v="-0.0812"/>
  </node>
  <node id="2004" lat="40.64633419586" lon="28.17863831240">
    <tag k="local_x" v="-345.6835"/>
    <tag k="local_y" v="165.7343"/>
    <tag k="ele" v="-0.052"/>
  </node>
  <node id="2005" lat="40.64632537168" lon="28.17863607713">
    <tag k="local_x" v="-345.8594"/>
    <tag k="local_y" v="164.7522"/>
    <tag k="ele" v="-0.0229"/>
  </node>
  <node id="2006" lat="40.64631654884" lon="28.17863384525">
    <tag k="local_x" v="-346.0350"/>
    <tag k="local_y" v="163.7703"/>
    <tag k="ele" v="0.0063"/>
  </node>
  <node id="2007" lat="40.64630774510" lon="28.17863170782">
    <tag k="local_x" v="-346.2026"/>
    <tag k="local_y" v="162.7906"/>
    <tag k="ele" v="0.0358"/>
  </node>
  <node id="2008" lat="40.64629894073" lon="28.17862970478">
    <tag k="local_x" v="-346.3589"/>
    <tag k="local_y" v="161.8110"/>
    <tag k="ele" v="0.0659"/>
  </node>
  <node id="2009" lat="40.64629008744" lon="28.17862768690">
    <tag k="local_x" v="-346.5163"/>
    <tag k="local_y" v="160.8260"/>
    <tag k="ele" v="0.096"/>
  </node>
  <node id="2010" lat="40.64628123605" lon="28.17862565388">
    <tag k="local_x" v="-346.6750"/>
    <tag k="local_y" v="159.8411"/>
    <tag k="ele" v="0.1261"/>
  </node>
  <node id="2011" lat="40.64627238571" lon="28.17862361238">
    <tag k="local_x" v="-346.8345"/>
    <tag k="local_y" v="158.8563"/>
    <tag k="ele" v="0.1562"/>
  </node>
  <node id="2012" lat="40.64626354869" lon="28.17862161095">
    <tag k="local_x" v="-346.9906"/>
    <tag k="local_y" v="157.8731"/>
    <tag k="ele" v="0.186"/>
  </node>
  <node id="2013" lat="40.64625470709" lon="28.17861966918">
    <tag k="local_x" v="-347.1416"/>
    <tag k="local_y" v="156.8894"/>
    <tag k="ele" v="0.2156"/>
  </node>
  <node id="2014" lat="40.64624584532" lon="28.17861770142">
    <tag k="local_x" v="-347.2948"/>
    <tag k="local_y" v="155.9035"/>
    <tag k="ele" v="0.2452"/>
  </node>
  <node id="2015" lat="40.64623698641" lon="28.17861572316">
    <tag k="local_x" v="-347.4489"/>
    <tag k="local_y" v="154.9179"/>
    <tag k="ele" v="0.2747"/>
  </node>
  <node id="2016" lat="40.64622812763" lon="28.17861372997">
    <tag k="local_x" v="-347.6042"/>
    <tag k="local_y" v="153.9322"/>
    <tag k="ele" v="0.3043"/>
  </node>
  <node id="2017" lat="40.64621927030" lon="28.17861172996">
    <tag k="local_x" v="-347.7602"/>
    <tag k="local_y" v="152.9467"/>
    <tag k="ele" v="0.3339"/>
  </node>
  <node id="2018" lat="40.64621047988" lon="28.17861021450">
    <tag k="local_x" v="-347.8752"/>
    <tag k="local_y" v="151.9692"/>
    <tag k="ele" v="0.376"/>
  </node>
  <node id="2019" lat="40.64620161846" lon="28.17860900249">
    <tag k="local_x" v="-347.9645"/>
    <tag k="local_y" v="150.9842"/>
    <tag k="ele" v="0.4266"/>
  </node>
  <node id="2020" lat="40.64619268576" lon="28.17860780123">
    <tag k="local_x" v="-348.0528"/>
    <tag k="local_y" v="149.9912"/>
    <tag k="ele" v="0.4772"/>
  </node>
  <node id="2021" lat="40.64618375248" lon="28.17860661346">
    <tag k="local_x" v="-348.1399"/>
    <tag k="local_y" v="148.9982"/>
    <tag k="ele" v="0.5279"/>
  </node>
  <node id="2022" lat="40.64617481621" lon="28.17860546579">
    <tag k="local_x" v="-348.2237"/>
    <tag k="local_y" v="148.0049"/>
    <tag k="ele" v="0.5785"/>
  </node>
  <node id="2023" lat="40.64616587846" lon="28.17860434480">
    <tag k="local_x" v="-348.3052"/>
    <tag k="local_y" v="147.0115"/>
    <tag k="ele" v="0.6291"/>
  </node>
  <node id="2024" lat="40.64615693615" lon="28.17860328614">
    <tag k="local_x" v="-348.3814"/>
    <tag k="local_y" v="146.0177"/>
    <tag k="ele" v="0.6797"/>
  </node>
  <node id="2025" lat="40.64614799180" lon="28.17860226687">
    <tag k="local_x" v="-348.4543"/>
    <tag k="local_y" v="145.0236"/>
    <tag k="ele" v="0.7303"/>
  </node>
  <node id="2026" lat="40.64613904295" lon="28.17860132236">
    <tag k="local_x" v="-348.5208"/>
    <tag k="local_y" v="144.0292"/>
    <tag k="ele" v="0.7809"/>
  </node>
  <node id="2027" lat="40.64613009106" lon="28.17860043004">
    <tag k="local_x" v="-348.5829"/>
    <tag k="local_y" v="143.0345"/>
    <tag k="ele" v="0.8315"/>
  </node>
  <node id="2028" lat="40.64612113385" lon="28.17859961561">
    <tag k="local_x" v="-348.6385"/>
    <tag k="local_y" v="142.0392"/>
    <tag k="ele" v="0.8822"/>
  </node>
  <node id="2029" lat="40.64611217331" lon="28.17859885668">
    <tag k="local_x" v="-348.6893"/>
    <tag k="local_y" v="141.0437"/>
    <tag k="ele" v="0.9328"/>
  </node>
  <node id="2030" lat="40.64610320840" lon="28.17859817217">
    <tag k="local_x" v="-348.7339"/>
    <tag k="local_y" v="140.0478"/>
    <tag k="ele" v="0.9834"/>
  </node>
  <node id="2031" lat="40.64609423972" lon="28.17859753922">
    <tag k="local_x" v="-348.7740"/>
    <tag k="local_y" v="139.0515"/>
    <tag k="ele" v="1.034"/>
  </node>
  <node id="2032" lat="40.64608526680" lon="28.17859696053">
    <tag k="local_x" v="-348.8096"/>
    <tag k="local_y" v="138.0548"/>
    <tag k="ele" v="1.0841"/>
  </node>
  <node id="2033" lat="40.64607625598" lon="28.17859627880">
    <tag k="local_x" v="-348.8538"/>
    <tag k="local_y" v="137.0537"/>
    <tag k="ele" v="1.1155"/>
  </node>
  <node id="2034" lat="40.64606727547" lon="28.17859563207">
    <tag k="local_x" v="-348.8952"/>
    <tag k="local_y" v="136.0561"/>
    <tag k="ele" v="1.1461"/>
  </node>
  <node id="2035" lat="40.64605829514" lon="28.17859501267">
    <tag k="local_x" v="-348.9342"/>
    <tag k="local_y" v="135.0585"/>
    <tag k="ele" v="1.1768"/>
  </node>
  <node id="2036" lat="40.64604931271" lon="28.17859440350">
    <tag k="local_x" v="-348.9723"/>
    <tag k="local_y" v="134.0607"/>
    <tag k="ele" v="1.2074"/>
  </node>
  <node id="2037" lat="40.64604033134" lon="28.17859380439">
    <tag k="local_x" v="-349.0096"/>
    <tag k="local_y" v="133.0631"/>
    <tag k="ele" v="1.2381"/>
  </node>
  <node id="2038" lat="40.64603135402" lon="28.17859320490">
    <tag k="local_x" v="-349.0470"/>
    <tag k="local_y" v="132.0659"/>
    <tag k="ele" v="1.269"/>
  </node>
  <node id="2039" lat="40.64602269587" lon="28.17859337825">
    <tag k="local_x" v="-349.0194"/>
    <tag k="local_y" v="131.1050"/>
    <tag k="ele" v="1.3162"/>
  </node>
  <node id="2040" lat="40.64601373813" lon="28.17859355415">
    <tag k="local_x" v="-348.9912"/>
    <tag k="local_y" v="130.1108"/>
    <tag k="ele" v="1.3648"/>
  </node>
  <node id="2041" lat="40.64600475437" lon="28.17859370627">
    <tag k="local_x" v="-348.9650"/>
    <tag k="local_y" v="129.1137"/>
    <tag k="ele" v="1.4134"/>
  </node>
  <node id="2042" lat="40.64599577080" lon="28.17859381761">
    <tag k="local_x" v="-348.9422"/>
    <tag k="local_y" v="128.1166"/>
    <tag k="ele" v="1.4619"/>
  </node>
  <node id="2043" lat="40.64598678721" lon="28.17859389391">
    <tag k="local_x" v="-348.9224"/>
    <tag k="local_y" v="127.1195"/>
    <tag k="ele" v="1.5105"/>
  </node>
  <node id="2044" lat="40.64597780585" lon="28.17859392674">
    <tag k="local_x" v="-348.9063"/>
    <tag k="local_y" v="126.1225"/>
    <tag k="ele" v="1.5591"/>
  </node>
  <node id="2045" lat="40.64596882380" lon="28.17859392021">
    <tag k="local_x" v="-348.8935"/>
    <tag k="local_y" v="125.1254"/>
    <tag k="ele" v="1.6076"/>
  </node>
  <node id="2046" lat="40.64596005732" lon="28.17859420325">
    <tag k="local_x" v="-348.8565"/>
    <tag k="local_y" v="124.1526"/>
    <tag k="ele" v="1.6666"/>
  </node>
  <node id="2047" lat="40.64595128365" lon="28.17859473701">
    <tag k="local_x" v="-348.7983"/>
    <tag k="local_y" v="123.1793"/>
    <tag k="ele" v="1.7348"/>
  </node>
  <node id="2048" lat="40.64594232238" lon="28.17859523927">
    <tag k="local_x" v="-348.7425"/>
    <tag k="local_y" v="122.1851"/>
    <tag k="ele" v="1.803"/>
  </node>
  <node id="2049" lat="40.64593336044" lon="28.17859570956">
    <tag k="local_x" v="-348.6894"/>
    <tag k="local_y" v="121.1908"/>
    <tag k="ele" v="1.8713"/>
  </node>
  <node id="2050" lat="40.64592441038" lon="28.17859617322">
    <tag k="local_x" v="-348.6369"/>
    <tag k="local_y" v="120.1978"/>
    <tag k="ele" v="1.9358"/>
  </node>
  <node id="2051" lat="40.64591548375" lon="28.17859667358">
    <tag k="local_x" v="-348.5813"/>
    <tag k="local_y" v="119.2075"/>
    <tag k="ele" v="1.9885"/>
  </node>
  <node id="2052" lat="40.64590651532" lon="28.17859715969">
    <tag k="local_x" v="-348.5269"/>
    <tag k="local_y" v="118.2125"/>
    <tag k="ele" v="2.0413"/>
  </node>
  <node id="2053" lat="40.64589754486" lon="28.17859762808">
    <tag k="local_x" v="-348.4739"/>
    <tag k="local_y" v="117.2172"/>
    <tag k="ele" v="2.0941"/>
  </node>
  <node id="2054" lat="40.64588857481" lon="28.17859808801">
    <tag k="local_x" v="-348.4217"/>
    <tag k="local_y" v="116.2220"/>
    <tag k="ele" v="2.1468"/>
  </node>
  <node id="2055" lat="40.64587960468" lon="28.17859853848">
    <tag k="local_x" v="-348.3703"/>
    <tag k="local_y" v="115.2268"/>
    <tag k="ele" v="2.1996"/>
  </node>
  <node id="2056" lat="40.64587063358" lon="28.17859898337">
    <tag k="local_x" v="-348.3193"/>
    <tag k="local_y" v="114.2314"/>
    <tag k="ele" v="2.2524"/>
  </node>
  <node id="2057" lat="40.64586165911" lon="28.17859941796">
    <tag k="local_x" v="-348.2692"/>
    <tag k="local_y" v="113.2357"/>
    <tag k="ele" v="2.3053"/>
  </node>
  <node id="2058" lat="40.64585264022" lon="28.17859978513">
    <tag k="local_x" v="-348.2247"/>
    <tag k="local_y" v="112.2350"/>
    <tag k="ele" v="2.3594"/>
  </node>
  <node id="2059" lat="40.64584366854" lon="28.17860014857">
    <tag k="local_x" v="-348.1807"/>
    <tag k="local_y" v="111.2395"/>
    <tag k="ele" v="2.4135"/>
  </node>
  <node id="2060" lat="40.64583469591" lon="28.17860051103">
    <tag k="local_x" v="-348.1367"/>
    <tag k="local_y" v="110.2439"/>
    <tag k="ele" v="2.4677"/>
  </node>
  <node id="2061" lat="40.64582572339" lon="28.17860087133">
    <tag k="local_x" v="-348.0929"/>
    <tag k="local_y" v="109.2483"/>
    <tag k="ele" v="2.5218"/>
  </node>
  <node id="2062" lat="40.64581675249" lon="28.17860123149">
    <tag k="local_x" v="-348.0491"/>
    <tag k="local_y" v="108.2529"/>
    <tag k="ele" v="2.5759"/>
  </node>
  <node id="2063" lat="40.64580778071" lon="28.17860159028">
    <tag k="local_x" v="-348.0054"/>
    <tag k="local_y" v="107.2573"/>
    <tag k="ele" v="2.6301"/>
  </node>
  <node id="2064" lat="40.64579880889" lon="28.17860194737">
    <tag k="local_x" v="-347.9618"/>
    <tag k="local_y" v="106.2618"/>
    <tag k="ele" v="2.6842"/>
  </node>
  <node id="2066" lat="40.64761084861" lon="28.18203645005">
    <tag k="local_x" v="-60.2682"/>
    <tag k="local_y" v="311.3069"/>
    <tag k="ele" v="-1.7195"/>
  </node>
  <node id="2067" lat="40.64761489950" lon="28.18202713710">
    <tag k="local_x" v="-61.0617"/>
    <tag k="local_y" v="311.7460"/>
    <tag k="ele" v="-1.7575"/>
  </node>
  <node id="2068" lat="40.64761924606" lon="28.18201727965">
    <tag k="local_x" v="-61.9016"/>
    <tag k="local_y" v="312.2173"/>
    <tag k="ele" v="-1.7955"/>
  </node>
  <node id="2069" lat="40.64762358436" lon="28.18200740816">
    <tag k="local_x" v="-62.7427"/>
    <tag k="local_y" v="312.6877"/>
    <tag k="ele" v="-1.8334"/>
  </node>
  <node id="2070" lat="40.64762678947" lon="28.18199832829">
    <tag k="local_x" v="-63.5152"/>
    <tag k="local_y" v="313.0332"/>
    <tag k="ele" v="-1.8534"/>
  </node>
  <node id="2071" lat="40.64762943119" lon="28.18198923470">
    <tag k="local_x" v="-64.2880"/>
    <tag k="local_y" v="313.3161"/>
    <tag k="ele" v="-1.8534"/>
  </node>
  <node id="2072" lat="40.64763282419" lon="28.18197875874">
    <tag k="local_x" v="-65.1788"/>
    <tag k="local_y" v="313.6808"/>
    <tag k="ele" v="-1.8535"/>
  </node>
  <node id="2073" lat="40.64763629786" lon="28.18196834695">
    <tag k="local_x" v="-66.0643"/>
    <tag k="local_y" v="314.0546"/>
    <tag k="ele" v="-1.8535"/>
  </node>
  <node id="2074" lat="40.64763640323" lon="28.18196256043">
    <tag k="local_x" v="-66.5537"/>
    <tag k="local_y" v="314.0597"/>
    <tag k="ele" v="-1.8518"/>
  </node>
  <node id="2075" lat="40.64763574151" lon="28.18195682007">
    <tag k="local_x" v="-67.0381"/>
    <tag k="local_y" v="313.9797"/>
    <tag k="ele" v="-1.8483"/>
  </node>
  <node id="2076" lat="40.64763637140" lon="28.18194554481">
    <tag k="local_x" v="-67.9924"/>
    <tag k="local_y" v="314.0368"/>
    <tag k="ele" v="-1.8448"/>
  </node>
  <node id="2077" lat="40.64763706404" lon="28.18193428277">
    <tag k="local_x" v="-68.9456"/>
    <tag k="local_y" v="314.1009"/>
    <tag k="ele" v="-1.8413"/>
  </node>
  <node id="2078" lat="40.64763761302" lon="28.18192405143">
    <tag k="local_x" v="-69.8115"/>
    <tag k="local_y" v="314.1502"/>
    <tag k="ele" v="-1.8318"/>
  </node>
  <node id="2079" lat="40.64763724105" lon="28.18191615524">
    <tag k="local_x" v="-70.4786"/>
    <tag k="local_y" v="314.1000"/>
    <tag k="ele" v="-1.8073"/>
  </node>
  <node id="2080" lat="40.64763731123" lon="28.18190488874">
    <tag k="local_x" v="-71.4312"/>
    <tag k="local_y" v="314.0950"/>
    <tag k="ele" v="-1.7827"/>
  </node>
  <node id="2081" lat="40.64763738520" lon="28.18189362238">
    <tag k="local_x" v="-72.3839"/>
    <tag k="local_y" v="314.0904"/>
    <tag k="ele" v="-1.7581"/>
  </node>
  <node id="2082" lat="40.64763703451" lon="28.18188516446">
    <tag k="local_x" v="-73.0985"/>
    <tag k="local_y" v="314.0418"/>
    <tag k="ele" v="-1.7436"/>
  </node>
  <node id="2083" lat="40.64763601397" lon="28.18187793280">
    <tag k="local_x" v="-73.7084"/>
    <tag k="local_y" v="313.9203"/>
    <tag k="ele" v="-1.7433"/>
  </node>
  <node id="2084" lat="40.64763483922" lon="28.18186676706">
    <tag k="local_x" v="-74.6508"/>
    <tag k="local_y" v="313.7772"/>
    <tag k="ele" v="-1.7429"/>
  </node>
  <node id="2085" lat="40.64763339641" lon="28.18185988473">
    <tag k="local_x" v="-75.2305"/>
    <tag k="local_y" v="313.6092"/>
    <tag k="ele" v="-1.7339"/>
  </node>
  <node id="2086" lat="40.64763159298" lon="28.18185536671">
    <tag k="local_x" v="-75.6098"/>
    <tag k="local_y" v="313.4039"/>
    <tag k="ele" v="-1.7133"/>
  </node>
  <node id="2087" lat="40.64762813403" lon="28.18184531410">
    <tag k="local_x" v="-76.4546"/>
    <tag k="local_y" v="313.0085"/>
    <tag k="ele" v="-1.6923"/>
  </node>
  <node id="2088" lat="40.64762463762" lon="28.18183501119">
    <tag k="local_x" v="-77.3205"/>
    <tag k="local_y" v="312.6087"/>
    <tag k="ele" v="-1.6712"/>
  </node>
  <node id="2089" lat="40.64762211600" lon="28.18183021065">
    <tag k="local_x" v="-77.7226"/>
    <tag k="local_y" v="312.3233"/>
    <tag k="ele" v="-1.6574"/>
  </node>
  <node id="2090" lat="40.64761848491" lon="28.18182448396">
    <tag k="local_x" v="-78.2014"/>
    <tag k="local_y" v="311.9137"/>
    <tag k="ele" v="-1.6478"/>
  </node>
  <node id="2091" lat="40.64761381959" lon="28.18181808965">
    <tag k="local_x" v="-78.7351"/>
    <tag k="local_y" v="311.3886"/>
    <tag k="ele" v="-1.6409"/>
  </node>
  <node id="2092" lat="40.64760784012" lon="28.18180998816">
    <tag k="local_x" v="-79.4112"/>
    <tag k="local_y" v="310.7156"/>
    <tag k="ele" v="-1.6341"/>
  </node>
  <node id="2093" lat="40.64760187319" lon="28.18180196520">
    <tag k="local_x" v="-80.0806"/>
    <tag k="local_y" v="310.0441"/>
    <tag k="ele" v="-1.6274"/>
  </node>
  <node id="2094" lat="40.64759611767" lon="28.18179460470">
    <tag k="local_x" v="-80.6943"/>
    <tag k="local_y" v="309.3969"/>
    <tag k="ele" v="-1.6229"/>
  </node>
  <node id="2095" lat="40.64758998216" lon="28.18178694231">
    <tag k="local_x" v="-81.3331"/>
    <tag k="local_y" v="308.7071"/>
    <tag k="ele" v="-1.6185"/>
  </node>
  <node id="2096" lat="40.64758421366" lon="28.18178034898">
    <tag k="local_x" v="-81.8819"/>
    <tag k="local_y" v="308.0593"/>
    <tag k="ele" v="-1.6158"/>
  </node>
  <node id="2097" lat="40.64757768222" lon="28.18177302354">
    <tag k="local_x" v="-82.4916"/>
    <tag k="local_y" v="307.3259"/>
    <tag k="ele" v="-1.6131"/>
  </node>
  <node id="2098" lat="40.64757114354" lon="28.18176571667">
    <tag k="local_x" v="-83.0996"/>
    <tag k="local_y" v="306.5918"/>
    <tag k="ele" v="-1.6105"/>
  </node>
  <node id="2099" lat="40.64756455886" lon="28.18175849132">
    <tag k="local_x" v="-83.7007"/>
    <tag k="local_y" v="305.8526"/>
    <tag k="ele" v="-1.6078"/>
  </node>
  <node id="2100" lat="40.64755798785" lon="28.18175131797">
    <tag k="local_x" v="-84.2974"/>
    <tag k="local_y" v="305.1150"/>
    <tag k="ele" v="-1.6056"/>
  </node>
  <node id="2101" lat="40.64755136023" lon="28.18174425817">
    <tag k="local_x" v="-84.8844"/>
    <tag k="local_y" v="304.3713"/>
    <tag k="ele" v="-1.6039"/>
  </node>
  <node id="2102" lat="40.64754474620" lon="28.18173728091">
    <tag k="local_x" v="-85.4645"/>
    <tag k="local_y" v="303.6292"/>
    <tag k="ele" v="-1.6033"/>
  </node>
  <node id="2103" lat="40.64753801273" lon="28.18173032300">
    <tag k="local_x" v="-86.0427"/>
    <tag k="local_y" v="302.8738"/>
    <tag k="ele" v="-1.6028"/>
  </node>
  <node id="2104" lat="40.64753126714" lon="28.18172335736">
    <tag k="local_x" v="-86.6216"/>
    <tag k="local_y" v="302.1171"/>
    <tag k="ele" v="-1.6023"/>
  </node>
  <node id="2105" lat="40.64752448398" lon="28.18171645055">
    <tag k="local_x" v="-87.1955"/>
    <tag k="local_y" v="301.3563"/>
    <tag k="ele" v="-1.6018"/>
  </node>
  <node id="2106" lat="40.64751769668" lon="28.18170955471">
    <tag k="local_x" v="-87.7684"/>
    <tag k="local_y" v="300.5950"/>
    <tag k="ele" v="-1.6013"/>
  </node>
  <node id="2107" lat="40.64751088682" lon="28.18170269738">
    <tag k="local_x" v="-88.3380"/>
    <tag k="local_y" v="299.8313"/>
    <tag k="ele" v="-1.6008"/>
  </node>
  <node id="2108" lat="40.64750406866" lon="28.18169584824">
    <tag k="local_x" v="-88.9070"/>
    <tag k="local_y" v="299.0667"/>
    <tag k="ele" v="-1.6003"/>
  </node>
  <node id="2109" lat="40.64749715434" lon="28.18168879198">
    <tag k="local_x" v="-89.4933"/>
    <tag k="local_y" v="298.2911"/>
    <tag k="ele" v="-1.5976"/>
  </node>
  <node id="2110" lat="40.64749011538" lon="28.18168125478">
    <tag k="local_x" v="-90.1201"/>
    <tag k="local_y" v="297.5012"/>
    <tag k="ele" v="-1.5887"/>
  </node>
  <node id="2111" lat="40.64748340218" lon="28.18167391367">
    <tag k="local_x" v="-90.7307"/>
    <tag k="local_y" v="296.7476"/>
    <tag k="ele" v="-1.5779"/>
  </node>
  <node id="2112" lat="40.64747681936" lon="28.18166668653">
    <tag k="local_x" v="-91.3320"/>
    <tag k="local_y" v="296.0087"/>
    <tag k="ele" v="-1.567"/>
  </node>
  <node id="2113" lat="40.64747026895" lon="28.18165940189">
    <tag k="local_x" v="-91.9381"/>
    <tag k="local_y" v="295.2733"/>
    <tag k="ele" v="-1.5562"/>
  </node>
  <node id="2114" lat="40.64746375936" lon="28.18165206239">
    <tag k="local_x" v="-92.5490"/>
    <tag k="local_y" v="294.5423"/>
    <tag k="ele" v="-1.5454"/>
  </node>
  <node id="2115" lat="40.64745729285" lon="28.18164465298">
    <tag k="local_x" v="-93.1658"/>
    <tag k="local_y" v="293.8161"/>
    <tag k="ele" v="-1.5345"/>
  </node>
  <node id="2116" lat="40.64745089937" lon="28.18163712949">
    <tag k="local_x" v="-93.7924"/>
    <tag k="local_y" v="293.0978"/>
    <tag k="ele" v="-1.5237"/>
  </node>
  <node id="2117" lat="40.64744454676" lon="28.18162954264">
    <tag k="local_x" v="-94.4244"/>
    <tag k="local_y" v="292.3840"/>
    <tag k="ele" v="-1.5129"/>
  </node>
  <node id="2118" lat="40.64743830168" lon="28.18162179500">
    <tag k="local_x" v="-95.0701"/>
    <tag k="local_y" v="291.6820"/>
    <tag k="ele" v="-1.5021"/>
  </node>
  <node id="2119" lat="40.64743208144" lon="28.18161400568">
    <tag k="local_x" v="-95.7195"/>
    <tag k="local_y" v="290.9826"/>
    <tag k="ele" v="-1.4912"/>
  </node>
  <node id="2120" lat="40.64742598089" lon="28.18160603172">
    <tag k="local_x" v="-96.3846"/>
    <tag k="local_y" v="290.2964"/>
    <tag k="ele" v="-1.4804"/>
  </node>
  <node id="2121" lat="40.64742110209" lon="28.18160084751">
    <tag k="local_x" v="-96.8156"/>
    <tag k="local_y" v="289.7489"/>
    <tag k="ele" v="-1.47"/>
  </node>
  <way id="55">
    <nd ref="53"/>
    <nd ref="54"/>
    <nd ref="60"/>
    <nd ref="62"/>
    <nd ref="64"/>
    <nd ref="66"/>
    <nd ref="68"/>
    <nd ref="70"/>
    <nd ref="74"/>
    <nd ref="76"/>
    <nd ref="78"/>
    <nd ref="80"/>
    <nd ref="84"/>
    <nd ref="86"/>
    <nd ref="88"/>
    <nd ref="90"/>
    <nd ref="94"/>
    <nd ref="96"/>
    <nd ref="98"/>
    <nd ref="100"/>
    <nd ref="104"/>
    <nd ref="128"/>
    <nd ref="113"/>
    <tag k="type" v="line_thin"/>
    <tag k="subtype" v="solid"/>
  </way>
  <way id="58">
    <nd ref="56"/>
    <nd ref="57"/>
    <nd ref="61"/>
    <nd ref="63"/>
    <nd ref="65"/>
    <nd ref="67"/>
    <nd ref="69"/>
    <nd ref="71"/>
    <nd ref="75"/>
    <nd ref="77"/>
    <nd ref="79"/>
    <nd ref="81"/>
    <nd ref="85"/>
    <nd ref="87"/>
    <nd ref="89"/>
    <nd ref="91"/>
    <nd ref="95"/>
    <nd ref="97"/>
    <nd ref="99"/>
    <nd ref="101"/>
    <nd ref="105"/>
    <nd ref="131"/>
    <nd ref="116"/>
    <tag k="type" v="line_thin"/>
    <tag k="subtype" v="solid"/>
  </way>
  <way id="115">
    <nd ref="113"/>
    <nd ref="114"/>
    <nd ref="120"/>
    <nd ref="122"/>
    <nd ref="124"/>
    <nd ref="126"/>
    <nd ref="153"/>
    <tag k="type" v="line_thin"/>
    <tag k="subtype" v="solid"/>
  </way>
  <way id="118">
    <nd ref="116"/>
    <nd ref="117"/>
    <nd ref="121"/>
    <nd ref="123"/>
    <nd ref="125"/>
    <nd ref="127"/>
    <nd ref="156"/>
    <tag k="type" v="line_thin"/>
    <tag k="subtype" v="solid"/>
  </way>
  <way id="130">
    <nd ref="128"/>
    <nd ref="129"/>
    <nd ref="135"/>
    <nd ref="137"/>
    <nd ref="139"/>
    <nd ref="141"/>
    <nd ref="143"/>
    <nd ref="145"/>
    <nd ref="147"/>
    <nd ref="149"/>
    <nd ref="151"/>
    <nd ref="153"/>
    <tag k="type" v="line_thin"/>
    <tag k="subtype" v="solid"/>
  </way>
  <way id="133">
    <nd ref="131"/>
    <nd ref="132"/>
    <nd ref="136"/>
    <nd ref="138"/>
    <nd ref="140"/>
    <nd ref="142"/>
    <nd ref="144"/>
    <nd ref="146"/>
    <nd ref="148"/>
    <nd ref="150"/>
    <nd ref="152"/>
    <nd ref="156"/>
    <tag k="type" v="line_thin"/>
    <tag k="subtype" v="solid"/>
  </way>
  <way id="155">
    <nd ref="153"/>
    <nd ref="154"/>
    <nd ref="160"/>
    <nd ref="162"/>
    <nd ref="164"/>
    <nd ref="166"/>
    <nd ref="168"/>
    <nd ref="170"/>
    <nd ref="172"/>
    <nd ref="174"/>
    <nd ref="558"/>
    <tag k="type" v="line_thin"/>
    <tag k="subtype" v="solid"/>
  </way>
  <way id="158">
    <nd ref="156"/>
    <nd ref="157"/>
    <nd ref="161"/>
    <nd ref="163"/>
    <nd ref="165"/>
    <nd ref="167"/>
    <nd ref="169"/>
    <nd ref="171"/>
    <nd ref="173"/>
    <nd ref="175"/>
    <nd ref="561"/>
    <tag k="type" v="line_thin"/>
    <tag k="subtype" v="solid"/>
  </way>
  <way id="325">
    <nd ref="176"/>
    <nd ref="177"/>
    <nd ref="178"/>
    <nd ref="179"/>
    <nd ref="180"/>
    <nd ref="181"/>
    <nd ref="182"/>
    <nd ref="183"/>
    <nd ref="184"/>
    <nd ref="185"/>
    <nd ref="186"/>
    <nd ref="187"/>
    <nd ref="188"/>
    <nd ref="189"/>
    <nd ref="190"/>
    <nd ref="191"/>
    <nd ref="192"/>
    <nd ref="193"/>
    <nd ref="194"/>
    <nd ref="195"/>
    <nd ref="196"/>
    <nd ref="197"/>
    <nd ref="198"/>
    <nd ref="199"/>
    <nd ref="200"/>
    <nd ref="201"/>
    <nd ref="202"/>
    <nd ref="203"/>
    <nd ref="204"/>
    <nd ref="205"/>
    <nd ref="206"/>
    <nd ref="207"/>
    <nd ref="208"/>
    <nd ref="209"/>
    <nd ref="210"/>
    <nd ref="211"/>
    <nd ref="212"/>
    <nd ref="213"/>
    <nd ref="214"/>
    <nd ref="215"/>
    <nd ref="216"/>
    <nd ref="217"/>
    <nd ref="218"/>
    <nd ref="219"/>
    <nd ref="220"/>
    <nd ref="221"/>
    <nd ref="222"/>
    <nd ref="223"/>
    <nd ref="224"/>
    <nd ref="225"/>
    <nd ref="226"/>
    <nd ref="227"/>
    <nd ref="228"/>
    <nd ref="229"/>
    <nd ref="230"/>
    <nd ref="231"/>
    <nd ref="232"/>
    <nd ref="233"/>
    <nd ref="234"/>
    <nd ref="235"/>
    <nd ref="236"/>
    <nd ref="237"/>
    <nd ref="238"/>
    <nd ref="239"/>
    <nd ref="240"/>
    <nd ref="241"/>
    <nd ref="242"/>
    <nd ref="243"/>
    <nd ref="244"/>
    <nd ref="245"/>
    <nd ref="246"/>
    <nd ref="247"/>
    <nd ref="248"/>
    <nd ref="249"/>
    <nd ref="250"/>
    <nd ref="251"/>
    <nd ref="252"/>
    <nd ref="253"/>
    <nd ref="254"/>
    <nd ref="255"/>
    <nd ref="256"/>
    <nd ref="257"/>
    <nd ref="258"/>
    <nd ref="259"/>
    <nd ref="260"/>
    <nd ref="261"/>
    <nd ref="262"/>
    <nd ref="263"/>
    <nd ref="264"/>
    <nd ref="265"/>
    <nd ref="266"/>
    <nd ref="267"/>
    <nd ref="268"/>
    <nd ref="269"/>
    <nd ref="270"/>
    <nd ref="271"/>
    <nd ref="272"/>
    <nd ref="273"/>
    <nd ref="274"/>
    <nd ref="275"/>
    <nd ref="276"/>
    <nd ref="277"/>
    <nd ref="278"/>
    <nd ref="279"/>
    <nd ref="280"/>
    <nd ref="281"/>
    <nd ref="282"/>
    <nd ref="283"/>
    <nd ref="284"/>
    <nd ref="285"/>
    <nd ref="286"/>
    <nd ref="287"/>
    <nd ref="288"/>
    <nd ref="289"/>
    <nd ref="290"/>
    <nd ref="291"/>
    <nd ref="292"/>
    <nd ref="293"/>
    <nd ref="294"/>
    <nd ref="295"/>
    <nd ref="296"/>
    <nd ref="297"/>
    <nd ref="298"/>
    <nd ref="299"/>
    <nd ref="300"/>
    <nd ref="301"/>
    <nd ref="302"/>
    <nd ref="303"/>
    <nd ref="304"/>
    <nd ref="305"/>
    <nd ref="306"/>
    <nd ref="307"/>
    <nd ref="308"/>
    <nd ref="309"/>
    <nd ref="310"/>
    <nd ref="311"/>
    <nd ref="312"/>
    <nd ref="313"/>
    <nd ref="314"/>
    <nd ref="315"/>
    <nd ref="316"/>
    <nd ref="317"/>
    <nd ref="318"/>
    <nd ref="319"/>
    <nd ref="320"/>
    <nd ref="321"/>
    <nd ref="322"/>
    <nd ref="323"/>
    <nd ref="988"/>
    <nd ref="989"/>
    <nd ref="990"/>
    <nd ref="991"/>
    <nd ref="992"/>
    <nd ref="993"/>
    <nd ref="994"/>
    <nd ref="995"/>
    <nd ref="996"/>
    <nd ref="997"/>
    <nd ref="998"/>
    <nd ref="999"/>
    <nd ref="1000"/>
    <nd ref="1001"/>
    <nd ref="1002"/>
    <nd ref="1003"/>
    <nd ref="1004"/>
    <nd ref="1005"/>
    <nd ref="1006"/>
    <nd ref="1007"/>
    <nd ref="1008"/>
    <nd ref="1009"/>
    <nd ref="1010"/>
    <nd ref="1011"/>
    <nd ref="1012"/>
    <nd ref="1013"/>
    <nd ref="1014"/>
    <nd ref="1015"/>
    <nd ref="1016"/>
    <nd ref="1017"/>
    <nd ref="1018"/>
    <nd ref="1019"/>
    <nd ref="1020"/>
    <nd ref="1021"/>
    <nd ref="1022"/>
    <nd ref="1023"/>
    <nd ref="1024"/>
    <nd ref="1025"/>
    <nd ref="1026"/>
    <nd ref="1027"/>
    <nd ref="1028"/>
    <nd ref="1029"/>
    <nd ref="1030"/>
    <nd ref="1031"/>
    <nd ref="1032"/>
    <nd ref="1033"/>
    <nd ref="1034"/>
    <nd ref="1035"/>
    <nd ref="1036"/>
    <nd ref="1037"/>
    <nd ref="1038"/>
    <nd ref="1039"/>
    <nd ref="1040"/>
    <nd ref="1041"/>
    <nd ref="1042"/>
    <nd ref="1043"/>
    <nd ref="1044"/>
    <nd ref="1045"/>
    <nd ref="1046"/>
    <nd ref="1047"/>
    <nd ref="1048"/>
    <nd ref="1049"/>
    <nd ref="1050"/>
    <nd ref="1051"/>
    <nd ref="1052"/>
    <nd ref="1053"/>
    <nd ref="1054"/>
    <nd ref="1055"/>
    <nd ref="1056"/>
    <nd ref="1057"/>
    <nd ref="1058"/>
    <nd ref="1059"/>
    <nd ref="1060"/>
    <nd ref="1061"/>
    <nd ref="1062"/>
    <nd ref="1063"/>
    <nd ref="1064"/>
    <nd ref="1065"/>
    <nd ref="1066"/>
    <nd ref="1067"/>
    <nd ref="1068"/>
    <nd ref="1069"/>
    <nd ref="1070"/>
    <nd ref="1071"/>
    <nd ref="1072"/>
    <nd ref="1073"/>
    <nd ref="1074"/>
    <nd ref="1075"/>
    <nd ref="1076"/>
    <nd ref="1077"/>
    <nd ref="1078"/>
    <nd ref="1079"/>
    <nd ref="1080"/>
    <nd ref="1081"/>
    <nd ref="1082"/>
    <nd ref="1083"/>
    <nd ref="1084"/>
    <nd ref="1085"/>
    <nd ref="1086"/>
    <nd ref="1087"/>
    <nd ref="1088"/>
    <nd ref="1089"/>
    <nd ref="1090"/>
    <nd ref="1091"/>
    <nd ref="1092"/>
    <nd ref="1093"/>
    <nd ref="1094"/>
    <nd ref="1095"/>
    <nd ref="1096"/>
    <nd ref="1097"/>
    <nd ref="1098"/>
    <nd ref="1099"/>
    <nd ref="1100"/>
    <nd ref="1101"/>
    <nd ref="1102"/>
    <nd ref="1103"/>
    <nd ref="1104"/>
    <nd ref="1105"/>
    <nd ref="1106"/>
    <nd ref="1107"/>
    <nd ref="1108"/>
    <nd ref="1109"/>
    <nd ref="1110"/>
    <nd ref="1111"/>
    <nd ref="1112"/>
    <nd ref="1113"/>
    <nd ref="1114"/>
    <nd ref="1115"/>
    <nd ref="1116"/>
    <nd ref="1117"/>
    <nd ref="1118"/>
    <nd ref="1119"/>
    <nd ref="1120"/>
    <nd ref="1121"/>
    <nd ref="1122"/>
    <nd ref="1123"/>
    <nd ref="1124"/>
    <nd ref="1125"/>
    <nd ref="1126"/>
    <nd ref="1127"/>
    <nd ref="1128"/>
    <nd ref="1129"/>
    <nd ref="1130"/>
    <nd ref="1131"/>
    <nd ref="1132"/>
    <nd ref="1133"/>
    <nd ref="1134"/>
    <nd ref="1135"/>
    <nd ref="1136"/>
    <nd ref="1137"/>
    <nd ref="1138"/>
    <nd ref="324"/>
    <tag k="type" v="line_thin"/>
    <tag k="subtype" v="solid"/>
  </way>
  <way id="360">
    <nd ref="326"/>
    <nd ref="327"/>
    <nd ref="328"/>
    <nd ref="329"/>
    <nd ref="330"/>
    <nd ref="331"/>
    <nd ref="332"/>
    <nd ref="333"/>
    <nd ref="334"/>
    <nd ref="335"/>
    <nd ref="336"/>
    <nd ref="337"/>
    <nd ref="338"/>
    <nd ref="339"/>
    <nd ref="340"/>
    <nd ref="341"/>
    <nd ref="342"/>
    <nd ref="343"/>
    <nd ref="344"/>
    <nd ref="345"/>
    <nd ref="346"/>
    <nd ref="347"/>
    <nd ref="348"/>
    <nd ref="349"/>
    <nd ref="350"/>
    <nd ref="351"/>
    <nd ref="352"/>
    <nd ref="353"/>
    <nd ref="354"/>
    <nd ref="355"/>
    <nd ref="356"/>
    <nd ref="357"/>
    <nd ref="358"/>
    <nd ref="359"/>
    <tag k="type" v="line_thin"/>
    <tag k="subtype" v="solid"/>
  </way>
  <way id="390">
    <nd ref="324"/>
    <nd ref="361"/>
    <nd ref="362"/>
    <nd ref="363"/>
    <nd ref="364"/>
    <nd ref="365"/>
    <nd ref="366"/>
    <nd ref="367"/>
    <nd ref="368"/>
    <nd ref="369"/>
    <nd ref="370"/>
    <nd ref="371"/>
    <nd ref="372"/>
    <nd ref="373"/>
    <nd ref="374"/>
    <nd ref="375"/>
    <nd ref="376"/>
    <nd ref="377"/>
    <nd ref="378"/>
    <nd ref="379"/>
    <nd ref="380"/>
    <nd ref="381"/>
    <nd ref="382"/>
    <nd ref="383"/>
    <nd ref="384"/>
    <nd ref="385"/>
    <nd ref="386"/>
    <nd ref="387"/>
    <nd ref="388"/>
    <nd ref="389"/>
    <tag k="type" v="line_thin"/>
    <tag k="subtype" v="solid"/>
  </way>
  <way id="446">
    <nd ref="389"/>
    <nd ref="391"/>
    <nd ref="392"/>
    <nd ref="393"/>
    <nd ref="394"/>
    <nd ref="395"/>
    <nd ref="396"/>
    <nd ref="397"/>
    <nd ref="398"/>
    <nd ref="399"/>
    <nd ref="400"/>
    <nd ref="401"/>
    <nd ref="402"/>
    <nd ref="403"/>
    <nd ref="404"/>
    <nd ref="405"/>
    <nd ref="406"/>
    <nd ref="407"/>
    <nd ref="408"/>
    <nd ref="409"/>
    <nd ref="410"/>
    <nd ref="411"/>
    <nd ref="412"/>
    <nd ref="413"/>
    <nd ref="414"/>
    <nd ref="415"/>
    <nd ref="416"/>
    <nd ref="417"/>
    <nd ref="418"/>
    <nd ref="419"/>
    <nd ref="420"/>
    <nd ref="421"/>
    <nd ref="422"/>
    <nd ref="423"/>
    <nd ref="424"/>
    <nd ref="425"/>
    <nd ref="426"/>
    <nd ref="427"/>
    <nd ref="428"/>
    <nd ref="429"/>
    <nd ref="430"/>
    <nd ref="431"/>
    <nd ref="432"/>
    <nd ref="433"/>
    <nd ref="434"/>
    <nd ref="435"/>
    <nd ref="436"/>
    <nd ref="437"/>
    <nd ref="438"/>
    <nd ref="439"/>
    <nd ref="440"/>
    <nd ref="441"/>
    <nd ref="442"/>
    <nd ref="443"/>
    <nd ref="444"/>
    <nd ref="445"/>
    <nd ref="617"/>
    <tag k="type" v="line_thin"/>
    <tag k="subtype" v="solid"/>
  </way>
  <way id="560">
    <nd ref="558"/>
    <nd ref="559"/>
    <nd ref="565"/>
    <nd ref="567"/>
    <nd ref="569"/>
    <nd ref="571"/>
    <nd ref="573"/>
    <nd ref="575"/>
    <nd ref="577"/>
    <nd ref="579"/>
    <nd ref="581"/>
    <nd ref="583"/>
    <nd ref="585"/>
    <nd ref="587"/>
    <nd ref="589"/>
    <nd ref="591"/>
    <nd ref="595"/>
    <nd ref="597"/>
    <nd ref="599"/>
    <nd ref="601"/>
    <nd ref="603"/>
    <nd ref="605"/>
    <nd ref="607"/>
    <nd ref="609"/>
    <nd ref="953"/>
    <nd ref="954"/>
    <nd ref="955"/>
    <nd ref="956"/>
    <nd ref="957"/>
    <nd ref="958"/>
    <nd ref="959"/>
    <nd ref="960"/>
    <nd ref="961"/>
    <nd ref="962"/>
    <nd ref="963"/>
    <nd ref="964"/>
    <nd ref="965"/>
    <nd ref="966"/>
    <nd ref="967"/>
    <nd ref="968"/>
    <nd ref="969"/>
    <nd ref="970"/>
    <nd ref="971"/>
    <nd ref="972"/>
    <nd ref="973"/>
    <nd ref="974"/>
    <nd ref="975"/>
    <nd ref="976"/>
    <nd ref="977"/>
    <nd ref="978"/>
    <nd ref="979"/>
    <nd ref="980"/>
    <nd ref="981"/>
    <nd ref="982"/>
    <nd ref="983"/>
    <nd ref="984"/>
    <nd ref="985"/>
    <nd ref="986"/>
    <nd ref="987"/>
    <nd ref="611"/>
    <nd ref="1493"/>
    <tag k="type" v="line_thin"/>
    <tag k="subtype" v="solid"/>
  </way>
  <way id="563">
    <nd ref="561"/>
    <nd ref="562"/>
    <nd ref="566"/>
    <nd ref="568"/>
    <nd ref="570"/>
    <nd ref="572"/>
    <nd ref="574"/>
    <nd ref="576"/>
    <nd ref="578"/>
    <nd ref="580"/>
    <nd ref="582"/>
    <nd ref="584"/>
    <nd ref="586"/>
    <nd ref="588"/>
    <nd ref="590"/>
    <nd ref="592"/>
    <nd ref="596"/>
    <nd ref="598"/>
    <nd ref="600"/>
    <nd ref="602"/>
    <nd ref="604"/>
    <nd ref="606"/>
    <nd ref="608"/>
    <nd ref="610"/>
    <nd ref="918"/>
    <nd ref="919"/>
    <nd ref="920"/>
    <nd ref="921"/>
    <nd ref="922"/>
    <nd ref="923"/>
    <nd ref="924"/>
    <nd ref="925"/>
    <nd ref="926"/>
    <nd ref="927"/>
    <nd ref="928"/>
    <nd ref="929"/>
    <nd ref="930"/>
    <nd ref="931"/>
    <nd ref="932"/>
    <nd ref="933"/>
    <nd ref="934"/>
    <nd ref="935"/>
    <nd ref="936"/>
    <nd ref="937"/>
    <nd ref="938"/>
    <nd ref="939"/>
    <nd ref="940"/>
    <nd ref="941"/>
    <nd ref="942"/>
    <nd ref="943"/>
    <nd ref="944"/>
    <nd ref="945"/>
    <nd ref="946"/>
    <nd ref="947"/>
    <nd ref="948"/>
    <nd ref="949"/>
    <nd ref="950"/>
    <nd ref="951"/>
    <nd ref="952"/>
    <nd ref="612"/>
    <nd ref="1496"/>
    <tag k="type" v="line_thin"/>
    <tag k="subtype" v="solid"/>
  </way>
  <way id="787">
    <nd ref="617"/>
    <nd ref="618"/>
    <nd ref="619"/>
    <nd ref="620"/>
    <nd ref="621"/>
    <nd ref="622"/>
    <nd ref="623"/>
    <nd ref="624"/>
    <nd ref="625"/>
    <nd ref="626"/>
    <nd ref="627"/>
    <nd ref="628"/>
    <nd ref="629"/>
    <nd ref="630"/>
    <nd ref="631"/>
    <nd ref="632"/>
    <nd ref="633"/>
    <nd ref="634"/>
    <nd ref="635"/>
    <nd ref="636"/>
    <nd ref="637"/>
    <nd ref="638"/>
    <nd ref="639"/>
    <nd ref="640"/>
    <nd ref="641"/>
    <nd ref="642"/>
    <nd ref="643"/>
    <nd ref="644"/>
    <nd ref="645"/>
    <nd ref="646"/>
    <nd ref="647"/>
    <nd ref="648"/>
    <nd ref="649"/>
    <nd ref="650"/>
    <nd ref="651"/>
    <nd ref="652"/>
    <nd ref="653"/>
    <nd ref="654"/>
    <nd ref="655"/>
    <nd ref="656"/>
    <nd ref="657"/>
    <nd ref="658"/>
    <nd ref="659"/>
    <nd ref="660"/>
    <nd ref="661"/>
    <nd ref="662"/>
    <nd ref="663"/>
    <nd ref="664"/>
    <nd ref="665"/>
    <nd ref="666"/>
    <nd ref="667"/>
    <nd ref="668"/>
    <nd ref="669"/>
    <nd ref="670"/>
    <nd ref="671"/>
    <nd ref="672"/>
    <nd ref="673"/>
    <nd ref="674"/>
    <nd ref="675"/>
    <nd ref="676"/>
    <nd ref="677"/>
    <nd ref="678"/>
    <nd ref="679"/>
    <nd ref="680"/>
    <nd ref="681"/>
    <nd ref="682"/>
    <nd ref="683"/>
    <nd ref="684"/>
    <nd ref="685"/>
    <nd ref="686"/>
    <nd ref="687"/>
    <nd ref="688"/>
    <nd ref="689"/>
    <nd ref="690"/>
    <nd ref="691"/>
    <nd ref="692"/>
    <nd ref="693"/>
    <nd ref="694"/>
    <nd ref="695"/>
    <nd ref="696"/>
    <nd ref="697"/>
    <nd ref="698"/>
    <nd ref="699"/>
    <nd ref="700"/>
    <nd ref="701"/>
    <nd ref="702"/>
    <nd ref="703"/>
    <nd ref="704"/>
    <nd ref="705"/>
    <nd ref="706"/>
    <nd ref="707"/>
    <nd ref="708"/>
    <nd ref="709"/>
    <nd ref="710"/>
    <nd ref="711"/>
    <nd ref="712"/>
    <nd ref="713"/>
    <nd ref="714"/>
    <nd ref="715"/>
    <nd ref="716"/>
    <nd ref="717"/>
    <nd ref="718"/>
    <nd ref="719"/>
    <nd ref="720"/>
    <nd ref="721"/>
    <nd ref="722"/>
    <nd ref="723"/>
    <nd ref="724"/>
    <nd ref="725"/>
    <nd ref="726"/>
    <nd ref="727"/>
    <nd ref="728"/>
    <nd ref="729"/>
    <nd ref="730"/>
    <nd ref="731"/>
    <nd ref="732"/>
    <nd ref="733"/>
    <nd ref="734"/>
    <nd ref="735"/>
    <nd ref="736"/>
    <nd ref="737"/>
    <nd ref="738"/>
    <nd ref="739"/>
    <nd ref="740"/>
    <nd ref="741"/>
    <nd ref="742"/>
    <nd ref="743"/>
    <nd ref="744"/>
    <nd ref="745"/>
    <nd ref="746"/>
    <nd ref="747"/>
    <nd ref="748"/>
    <nd ref="749"/>
    <nd ref="750"/>
    <nd ref="751"/>
    <nd ref="752"/>
    <nd ref="753"/>
    <nd ref="754"/>
    <nd ref="755"/>
    <nd ref="756"/>
    <nd ref="757"/>
    <nd ref="758"/>
    <nd ref="759"/>
    <nd ref="760"/>
    <nd ref="761"/>
    <nd ref="762"/>
    <nd ref="763"/>
    <nd ref="764"/>
    <nd ref="765"/>
    <nd ref="766"/>
    <nd ref="767"/>
    <nd ref="768"/>
    <nd ref="769"/>
    <nd ref="770"/>
    <nd ref="771"/>
    <nd ref="772"/>
    <nd ref="773"/>
    <nd ref="774"/>
    <nd ref="775"/>
    <nd ref="776"/>
    <nd ref="777"/>
    <nd ref="778"/>
    <nd ref="779"/>
    <nd ref="780"/>
    <nd ref="781"/>
    <nd ref="782"/>
    <nd ref="783"/>
    <nd ref="784"/>
    <nd ref="785"/>
    <nd ref="788"/>
    <nd ref="789"/>
    <nd ref="790"/>
    <nd ref="791"/>
    <nd ref="792"/>
    <nd ref="793"/>
    <nd ref="794"/>
    <nd ref="795"/>
    <nd ref="796"/>
    <nd ref="797"/>
    <nd ref="798"/>
    <nd ref="799"/>
    <nd ref="800"/>
    <nd ref="801"/>
    <nd ref="802"/>
    <nd ref="803"/>
    <nd ref="804"/>
    <nd ref="805"/>
    <nd ref="806"/>
    <nd ref="807"/>
    <nd ref="808"/>
    <nd ref="809"/>
    <nd ref="810"/>
    <nd ref="811"/>
    <nd ref="812"/>
    <nd ref="813"/>
    <nd ref="814"/>
    <nd ref="815"/>
    <nd ref="816"/>
    <nd ref="817"/>
    <nd ref="818"/>
    <nd ref="819"/>
    <nd ref="820"/>
    <nd ref="821"/>
    <nd ref="822"/>
    <nd ref="823"/>
    <nd ref="824"/>
    <nd ref="825"/>
    <nd ref="826"/>
    <nd ref="827"/>
    <nd ref="828"/>
    <nd ref="829"/>
    <nd ref="830"/>
    <nd ref="831"/>
    <nd ref="832"/>
    <nd ref="833"/>
    <nd ref="834"/>
    <nd ref="835"/>
    <nd ref="836"/>
    <nd ref="837"/>
    <nd ref="838"/>
    <nd ref="839"/>
    <nd ref="840"/>
    <nd ref="841"/>
    <nd ref="842"/>
    <nd ref="843"/>
    <nd ref="844"/>
    <nd ref="845"/>
    <nd ref="846"/>
    <nd ref="847"/>
    <nd ref="848"/>
    <nd ref="849"/>
    <nd ref="850"/>
    <nd ref="851"/>
    <nd ref="852"/>
    <nd ref="853"/>
    <nd ref="854"/>
    <nd ref="855"/>
    <nd ref="856"/>
    <nd ref="857"/>
    <nd ref="858"/>
    <nd ref="859"/>
    <nd ref="860"/>
    <nd ref="861"/>
    <nd ref="862"/>
    <nd ref="863"/>
    <nd ref="864"/>
    <nd ref="865"/>
    <nd ref="866"/>
    <nd ref="867"/>
    <nd ref="868"/>
    <nd ref="869"/>
    <nd ref="870"/>
    <nd ref="871"/>
    <nd ref="872"/>
    <nd ref="873"/>
    <nd ref="874"/>
    <nd ref="875"/>
    <nd ref="876"/>
    <nd ref="877"/>
    <nd ref="878"/>
    <nd ref="879"/>
    <nd ref="880"/>
    <nd ref="881"/>
    <nd ref="882"/>
    <nd ref="883"/>
    <nd ref="884"/>
    <nd ref="885"/>
    <nd ref="886"/>
    <nd ref="887"/>
    <nd ref="888"/>
    <nd ref="889"/>
    <nd ref="890"/>
    <nd ref="891"/>
    <nd ref="892"/>
    <nd ref="893"/>
    <nd ref="894"/>
    <nd ref="895"/>
    <nd ref="896"/>
    <nd ref="897"/>
    <nd ref="898"/>
    <nd ref="899"/>
    <nd ref="900"/>
    <nd ref="901"/>
    <nd ref="902"/>
    <nd ref="903"/>
    <nd ref="904"/>
    <nd ref="905"/>
    <nd ref="906"/>
    <nd ref="907"/>
    <nd ref="908"/>
    <nd ref="909"/>
    <nd ref="910"/>
    <nd ref="911"/>
    <nd ref="912"/>
    <nd ref="913"/>
    <nd ref="914"/>
    <nd ref="915"/>
    <nd ref="916"/>
    <nd ref="917"/>
    <nd ref="786"/>
    <nd ref="2066"/>
    <tag k="type" v="line_thin"/>
    <tag k="subtype" v="solid"/>
  </way>
  <way id="1495">
    <nd ref="1493"/>
    <nd ref="1494"/>
    <nd ref="1500"/>
    <nd ref="1502"/>
    <nd ref="1506"/>
    <nd ref="1508"/>
    <nd ref="1510"/>
    <nd ref="1512"/>
    <nd ref="1514"/>
    <nd ref="1516"/>
    <nd ref="1518"/>
    <nd ref="1520"/>
    <tag k="type" v="line_thin"/>
    <tag k="subtype" v="solid"/>
  </way>
  <way id="1498">
    <nd ref="1496"/>
    <nd ref="1497"/>
    <nd ref="1501"/>
    <nd ref="1503"/>
    <nd ref="1507"/>
    <nd ref="1509"/>
    <nd ref="1511"/>
    <nd ref="1513"/>
    <nd ref="1515"/>
    <nd ref="1517"/>
    <nd ref="1519"/>
    <nd ref="1523"/>
    <tag k="type" v="line_thin"/>
    <tag k="subtype" v="solid"/>
  </way>
  <way id="1522">
    <nd ref="1520"/>
    <nd ref="1521"/>
    <nd ref="1527"/>
    <nd ref="1529"/>
    <nd ref="1531"/>
    <nd ref="1533"/>
    <nd ref="1535"/>
    <nd ref="1537"/>
    <nd ref="1539"/>
    <nd ref="1541"/>
    <nd ref="1543"/>
    <nd ref="1545"/>
    <nd ref="1547"/>
    <nd ref="1549"/>
    <nd ref="1551"/>
    <nd ref="1553"/>
    <nd ref="1561"/>
    <nd ref="1563"/>
    <nd ref="1565"/>
    <nd ref="1567"/>
    <nd ref="1569"/>
    <nd ref="1571"/>
    <nd ref="1573"/>
    <nd ref="1575"/>
    <nd ref="1581"/>
    <nd ref="1583"/>
    <nd ref="1585"/>
    <nd ref="1587"/>
    <nd ref="1589"/>
    <nd ref="1593"/>
    <nd ref="1595"/>
    <nd ref="1597"/>
    <nd ref="1599"/>
    <nd ref="1603"/>
    <nd ref="1605"/>
    <nd ref="1607"/>
    <nd ref="1609"/>
    <nd ref="1611"/>
    <nd ref="1613"/>
    <nd ref="1615"/>
    <nd ref="1617"/>
    <nd ref="1619"/>
    <nd ref="1621"/>
    <nd ref="1623"/>
    <nd ref="1625"/>
    <nd ref="1629"/>
    <nd ref="1631"/>
    <nd ref="1633"/>
    <nd ref="1635"/>
    <nd ref="1639"/>
    <nd ref="1641"/>
    <tag k="type" v="line_thin"/>
    <tag k="subtype" v="solid"/>
  </way>
  <way id="1525">
    <nd ref="1523"/>
    <nd ref="1524"/>
    <nd ref="1528"/>
    <nd ref="1530"/>
    <nd ref="1532"/>
    <nd ref="1534"/>
    <nd ref="1536"/>
    <nd ref="1538"/>
    <nd ref="1540"/>
    <nd ref="1542"/>
    <nd ref="1544"/>
    <nd ref="1546"/>
    <nd ref="1548"/>
    <nd ref="1550"/>
    <nd ref="1552"/>
    <nd ref="1554"/>
    <nd ref="1562"/>
    <nd ref="1564"/>
    <nd ref="1566"/>
    <nd ref="1568"/>
    <nd ref="1570"/>
    <nd ref="1572"/>
    <nd ref="1574"/>
    <nd ref="1576"/>
    <nd ref="1582"/>
    <nd ref="1584"/>
    <nd ref="1586"/>
    <nd ref="1588"/>
    <nd ref="1590"/>
    <nd ref="1594"/>
    <nd ref="1596"/>
    <nd ref="1598"/>
    <nd ref="1600"/>
    <nd ref="1604"/>
    <nd ref="1606"/>
    <nd ref="1608"/>
    <nd ref="1610"/>
    <nd ref="1612"/>
    <nd ref="1614"/>
    <nd ref="1616"/>
    <nd ref="1618"/>
    <nd ref="1620"/>
    <nd ref="1622"/>
    <nd ref="1624"/>
    <nd ref="1626"/>
    <nd ref="1630"/>
    <nd ref="1632"/>
    <nd ref="1634"/>
    <nd ref="1636"/>
    <nd ref="1640"/>
    <nd ref="1642"/>
    <tag k="type" v="line_thin"/>
    <tag k="subtype" v="solid"/>
  </way>
  <way id="1644">
    <nd ref="1641"/>
    <nd ref="1643"/>
    <nd ref="1648"/>
    <tag k="type" v="line_thin"/>
    <tag k="subtype" v="solid"/>
  </way>
  <way id="1646">
    <nd ref="1642"/>
    <nd ref="1645"/>
    <nd ref="1649"/>
    <tag k="type" v="line_thin"/>
    <tag k="subtype" v="solid"/>
  </way>
  <way id="2065">
    <nd ref="1699"/>
    <nd ref="1700"/>
    <nd ref="1701"/>
    <nd ref="1702"/>
    <nd ref="1703"/>
    <nd ref="1704"/>
    <nd ref="1705"/>
    <nd ref="1706"/>
    <nd ref="1707"/>
    <nd ref="1708"/>
    <nd ref="1709"/>
    <nd ref="1710"/>
    <nd ref="1711"/>
    <nd ref="1712"/>
    <nd ref="1713"/>
    <nd ref="1714"/>
    <nd ref="1715"/>
    <nd ref="1716"/>
    <nd ref="1717"/>
    <nd ref="1718"/>
    <nd ref="1719"/>
    <nd ref="1720"/>
    <nd ref="1721"/>
    <nd ref="1722"/>
    <nd ref="1723"/>
    <nd ref="1724"/>
    <nd ref="1725"/>
    <nd ref="1726"/>
    <nd ref="1727"/>
    <nd ref="1728"/>
    <nd ref="1729"/>
    <nd ref="1730"/>
    <nd ref="1731"/>
    <nd ref="1732"/>
    <nd ref="1733"/>
    <nd ref="1734"/>
    <nd ref="1735"/>
    <nd ref="1736"/>
    <nd ref="1737"/>
    <nd ref="1738"/>
    <nd ref="1739"/>
    <nd ref="1740"/>
    <nd ref="1741"/>
    <nd ref="1742"/>
    <nd ref="1743"/>
    <nd ref="1744"/>
    <nd ref="1745"/>
    <nd ref="1746"/>
    <nd ref="1747"/>
    <nd ref="1748"/>
    <nd ref="1749"/>
    <nd ref="1750"/>
    <nd ref="1751"/>
    <nd ref="1752"/>
    <nd ref="1753"/>
    <nd ref="1754"/>
    <nd ref="1755"/>
    <nd ref="1756"/>
    <nd ref="1757"/>
    <nd ref="1758"/>
    <nd ref="1759"/>
    <nd ref="1760"/>
    <nd ref="1761"/>
    <nd ref="1762"/>
    <nd ref="1763"/>
    <nd ref="1764"/>
    <nd ref="1765"/>
    <nd ref="1766"/>
    <nd ref="1767"/>
    <nd ref="1768"/>
    <nd ref="1769"/>
    <nd ref="1770"/>
    <nd ref="1771"/>
    <nd ref="1772"/>
    <nd ref="1773"/>
    <nd ref="1774"/>
    <nd ref="1775"/>
    <nd ref="1776"/>
    <nd ref="1777"/>
    <nd ref="1778"/>
    <nd ref="1779"/>
    <nd ref="1780"/>
    <nd ref="1781"/>
    <nd ref="1782"/>
    <nd ref="1783"/>
    <nd ref="1784"/>
    <nd ref="1785"/>
    <nd ref="1786"/>
    <nd ref="1787"/>
    <nd ref="1788"/>
    <nd ref="1789"/>
    <nd ref="1790"/>
    <nd ref="1791"/>
    <nd ref="1792"/>
    <nd ref="1793"/>
    <nd ref="1794"/>
    <nd ref="1795"/>
    <nd ref="1796"/>
    <nd ref="1797"/>
    <nd ref="1798"/>
    <nd ref="1799"/>
    <nd ref="1800"/>
    <nd ref="1801"/>
    <nd ref="1802"/>
    <nd ref="1803"/>
    <nd ref="1804"/>
    <nd ref="1805"/>
    <nd ref="1806"/>
    <nd ref="1807"/>
    <nd ref="1808"/>
    <nd ref="1809"/>
    <nd ref="1810"/>
    <nd ref="1811"/>
    <nd ref="1812"/>
    <nd ref="1813"/>
    <nd ref="1814"/>
    <nd ref="1815"/>
    <nd ref="1816"/>
    <nd ref="1817"/>
    <nd ref="1818"/>
    <nd ref="1819"/>
    <nd ref="1820"/>
    <nd ref="1821"/>
    <nd ref="1822"/>
    <nd ref="1823"/>
    <nd ref="1824"/>
    <nd ref="1825"/>
    <nd ref="1826"/>
    <nd ref="1827"/>
    <nd ref="1828"/>
    <nd ref="1829"/>
    <nd ref="1830"/>
    <nd ref="1831"/>
    <nd ref="1832"/>
    <nd ref="1833"/>
    <nd ref="1834"/>
    <nd ref="1835"/>
    <nd ref="1836"/>
    <nd ref="1837"/>
    <nd ref="1838"/>
    <nd ref="1839"/>
    <nd ref="1840"/>
    <nd ref="1841"/>
    <nd ref="1842"/>
    <nd ref="1843"/>
    <nd ref="1844"/>
    <nd ref="1845"/>
    <nd ref="1846"/>
    <nd ref="1847"/>
    <nd ref="1848"/>
    <nd ref="1849"/>
    <nd ref="1850"/>
    <nd ref="1851"/>
    <nd ref="1852"/>
    <nd ref="1853"/>
    <nd ref="1854"/>
    <nd ref="1855"/>
    <nd ref="1856"/>
    <nd ref="1857"/>
    <nd ref="1858"/>
    <nd ref="1859"/>
    <nd ref="1860"/>
    <nd ref="1861"/>
    <nd ref="1862"/>
    <nd ref="1863"/>
    <nd ref="1864"/>
    <nd ref="1865"/>
    <nd ref="1866"/>
    <nd ref="1867"/>
    <nd ref="1868"/>
    <nd ref="1869"/>
    <nd ref="1870"/>
    <nd ref="1871"/>
    <nd ref="1872"/>
    <nd ref="1873"/>
    <nd ref="1874"/>
    <nd ref="1875"/>
    <nd ref="1876"/>
    <nd ref="1877"/>
    <nd ref="1878"/>
    <nd ref="1879"/>
    <nd ref="1880"/>
    <nd ref="1881"/>
    <nd ref="1882"/>
    <nd ref="1883"/>
    <nd ref="1884"/>
    <nd ref="1885"/>
    <nd ref="1886"/>
    <nd ref="1887"/>
    <nd ref="1888"/>
    <nd ref="1889"/>
    <nd ref="1890"/>
    <nd ref="1891"/>
    <nd ref="1892"/>
    <nd ref="1893"/>
    <nd ref="1894"/>
    <nd ref="1895"/>
    <nd ref="1896"/>
    <nd ref="1897"/>
    <nd ref="1898"/>
    <nd ref="1899"/>
    <nd ref="1900"/>
    <nd ref="1901"/>
    <nd ref="1902"/>
    <nd ref="1903"/>
    <nd ref="1904"/>
    <nd ref="1905"/>
    <nd ref="1906"/>
    <nd ref="1907"/>
    <nd ref="1908"/>
    <nd ref="1909"/>
    <nd ref="1910"/>
    <nd ref="1911"/>
    <nd ref="1912"/>
    <nd ref="1913"/>
    <nd ref="1914"/>
    <nd ref="1915"/>
    <nd ref="1916"/>
    <nd ref="1917"/>
    <nd ref="1918"/>
    <nd ref="1919"/>
    <nd ref="1920"/>
    <nd ref="1921"/>
    <nd ref="1922"/>
    <nd ref="1923"/>
    <nd ref="1924"/>
    <nd ref="1925"/>
    <nd ref="1926"/>
    <nd ref="1927"/>
    <nd ref="1928"/>
    <nd ref="1929"/>
    <nd ref="1930"/>
    <nd ref="1931"/>
    <nd ref="1932"/>
    <nd ref="1933"/>
    <nd ref="1934"/>
    <nd ref="1935"/>
    <nd ref="1936"/>
    <nd ref="1937"/>
    <nd ref="1938"/>
    <nd ref="1939"/>
    <nd ref="1940"/>
    <nd ref="1941"/>
    <nd ref="1942"/>
    <nd ref="1943"/>
    <nd ref="1944"/>
    <nd ref="1945"/>
    <nd ref="1946"/>
    <nd ref="1947"/>
    <nd ref="1948"/>
    <nd ref="1949"/>
    <nd ref="1950"/>
    <nd ref="1951"/>
    <nd ref="1952"/>
    <nd ref="1953"/>
    <nd ref="1954"/>
    <nd ref="1955"/>
    <nd ref="1956"/>
    <nd ref="1957"/>
    <nd ref="1958"/>
    <nd ref="1959"/>
    <nd ref="1960"/>
    <nd ref="1961"/>
    <nd ref="1962"/>
    <nd ref="1963"/>
    <nd ref="1964"/>
    <nd ref="1965"/>
    <nd ref="1966"/>
    <nd ref="1967"/>
    <nd ref="1968"/>
    <nd ref="1969"/>
    <nd ref="1970"/>
    <nd ref="1971"/>
    <nd ref="1972"/>
    <nd ref="1973"/>
    <nd ref="1974"/>
    <nd ref="1975"/>
    <nd ref="1976"/>
    <nd ref="1977"/>
    <nd ref="1978"/>
    <nd ref="1979"/>
    <nd ref="1980"/>
    <nd ref="1981"/>
    <nd ref="1982"/>
    <nd ref="1983"/>
    <nd ref="1984"/>
    <nd ref="1985"/>
    <nd ref="1986"/>
    <nd ref="1987"/>
    <nd ref="1988"/>
    <nd ref="1989"/>
    <nd ref="1990"/>
    <nd ref="1991"/>
    <nd ref="1992"/>
    <nd ref="1993"/>
    <nd ref="1994"/>
    <nd ref="1995"/>
    <nd ref="1996"/>
    <nd ref="1997"/>
    <nd ref="1998"/>
    <nd ref="1999"/>
    <nd ref="2000"/>
    <nd ref="2001"/>
    <nd ref="2002"/>
    <nd ref="2003"/>
    <nd ref="2004"/>
    <nd ref="2005"/>
    <nd ref="2006"/>
    <nd ref="2007"/>
    <nd ref="2008"/>
    <nd ref="2009"/>
    <nd ref="2010"/>
    <nd ref="2011"/>
    <nd ref="2012"/>
    <nd ref="2013"/>
    <nd ref="2014"/>
    <nd ref="2015"/>
    <nd ref="2016"/>
    <nd ref="2017"/>
    <nd ref="2018"/>
    <nd ref="2019"/>
    <nd ref="2020"/>
    <nd ref="2021"/>
    <nd ref="2022"/>
    <nd ref="2023"/>
    <nd ref="2024"/>
    <nd ref="2025"/>
    <nd ref="2026"/>
    <nd ref="2027"/>
    <nd ref="2028"/>
    <nd ref="2029"/>
    <nd ref="2030"/>
    <nd ref="2031"/>
    <nd ref="2032"/>
    <nd ref="2033"/>
    <nd ref="2034"/>
    <nd ref="2035"/>
    <nd ref="2036"/>
    <nd ref="2037"/>
    <nd ref="2038"/>
    <nd ref="2039"/>
    <nd ref="2040"/>
    <nd ref="2041"/>
    <nd ref="2042"/>
    <nd ref="2043"/>
    <nd ref="2044"/>
    <nd ref="2045"/>
    <nd ref="2046"/>
    <nd ref="2047"/>
    <nd ref="2048"/>
    <nd ref="2049"/>
    <nd ref="2050"/>
    <nd ref="2051"/>
    <nd ref="2052"/>
    <nd ref="2053"/>
    <nd ref="2054"/>
    <nd ref="2055"/>
    <nd ref="2056"/>
    <nd ref="2057"/>
    <nd ref="2058"/>
    <nd ref="2059"/>
    <nd ref="2060"/>
    <nd ref="2061"/>
    <nd ref="2062"/>
    <nd ref="2063"/>
    <nd ref="2064"/>
    <tag k="type" v="line_thin"/>
    <tag k="subtype" v="solid"/>
  </way>
  <way id="2122">
    <nd ref="2066"/>
    <nd ref="2067"/>
    <nd ref="2068"/>
    <nd ref="2069"/>
    <nd ref="2070"/>
    <nd ref="2071"/>
    <nd ref="2072"/>
    <nd ref="2073"/>
    <nd ref="2074"/>
    <nd ref="2075"/>
    <nd ref="2076"/>
    <nd ref="2077"/>
    <nd ref="2078"/>
    <nd ref="2079"/>
    <nd ref="2080"/>
    <nd ref="2081"/>
    <nd ref="2082"/>
    <nd ref="2083"/>
    <nd ref="2084"/>
    <nd ref="2085"/>
    <nd ref="2086"/>
    <nd ref="2087"/>
    <nd ref="2088"/>
    <nd ref="2089"/>
    <nd ref="2090"/>
    <nd ref="2091"/>
    <nd ref="2092"/>
    <nd ref="2093"/>
    <nd ref="2094"/>
    <nd ref="2095"/>
    <nd ref="2096"/>
    <nd ref="2097"/>
    <nd ref="2098"/>
    <nd ref="2099"/>
    <nd ref="2100"/>
    <nd ref="2101"/>
    <nd ref="2102"/>
    <nd ref="2103"/>
    <nd ref="2104"/>
    <nd ref="2105"/>
    <nd ref="2106"/>
    <nd ref="2107"/>
    <nd ref="2108"/>
    <nd ref="2109"/>
    <nd ref="2110"/>
    <nd ref="2111"/>
    <nd ref="2112"/>
    <nd ref="2113"/>
    <nd ref="2114"/>
    <nd ref="2115"/>
    <nd ref="2116"/>
    <nd ref="2117"/>
    <nd ref="2118"/>
    <nd ref="2119"/>
    <nd ref="2120"/>
    <nd ref="2121"/>
    <nd ref="1699"/>
    <tag k="type" v="line_thin"/>
    <tag k="subtype" v="solid"/>
  </way>
  <relation id="59">
    <member type="way" role="left" ref="58"/>
    <member type="way" role="right" ref="55"/>
    <member type="way" role="centerline" ref="325"/>
    <tag k="type" v="lanelet"/>
    <tag k="subtype" v="road"/>
    <tag k="speed_limit" v="10"/>
    <tag k="location" v="urban"/>
    <tag k="one_way" v="yes"/>
  </relation>
  <relation id="119">
    <member type="way" role="left" ref="118"/>
    <member type="way" role="right" ref="115"/>
    <member type="way" role="centerline" ref="390"/>
    <tag k="type" v="lanelet"/>
    <tag k="subtype" v="road"/>
    <tag k="speed_limit" v="10"/>
    <tag k="location" v="urban"/>
    <tag k="one_way" v="yes"/>
  </relation>
  <relation id="134">
    <member type="way" role="left" ref="133"/>
    <member type="way" role="right" ref="130"/>
    <member type="way" role="centerline" ref="360"/>
    <tag k="type" v="lanelet"/>
    <tag k="subtype" v="road"/>
    <tag k="speed_limit" v="10"/>
    <tag k="location" v="urban"/>
    <tag k="one_way" v="yes"/>
  </relation>
  <relation id="159">
    <member type="way" role="left" ref="158"/>
    <member type="way" role="right" ref="155"/>
    <member type="way" role="centerline" ref="446"/>
    <tag k="type" v="lanelet"/>
    <tag k="subtype" v="road"/>
    <tag k="speed_limit" v="10"/>
    <tag k="location" v="urban"/>
    <tag k="one_way" v="yes"/>
  </relation>
  <relation id="564">
    <member type="way" role="left" ref="563"/>
    <member type="way" role="right" ref="560"/>
    <member type="way" role="centerline" ref="787"/>
    <tag k="type" v="lanelet"/>
    <tag k="subtype" v="road"/>
    <tag k="speed_limit" v="10"/>
    <tag k="location" v="urban"/>
    <tag k="one_way" v="yes"/>
  </relation>
  <relation id="1499">
    <member type="way" role="left" ref="1498"/>
    <member type="way" role="right" ref="1495"/>
    <member type="way" role="centerline" ref="2122"/>
    <tag k="type" v="lanelet"/>
    <tag k="subtype" v="road"/>
    <tag k="speed_limit" v="10"/>
    <tag k="location" v="urban"/>
    <tag k="one_way" v="yes"/>
  </relation>
  <relation id="1526">
    <member type="way" role="left" ref="1525"/>
    <member type="way" role="right" ref="1522"/>
    <member type="way" role="centerline" ref="2065"/>
    <tag k="type" v="lanelet"/>
    <tag k="subtype" v="road"/>
    <tag k="speed_limit" v="10"/>
    <tag k="location" v="urban"/>
    <tag k="one_way" v="yes"/>
  </relation>
  <relation id="1647">
    <member type="way" role="left" ref="1646"/>
    <member type="way" role="right" ref="1644"/>
    <tag k="type" v="lanelet"/>
    <tag k="subtype" v="road"/>
    <tag k="speed_limit" v="10"/>
    <tag k="location" v="urban"/>
    <tag k="one_way" v="yes"/>
  </relation>
</osm>
